{"assignments": [[3, 18.593142016295317, [[2, 7.667520103033598, 1], [4, 7.667520103033598, 3], [3, 7.667520103033598, 2], [6, 7.667520103033598, 0], [10, 7.667520103033598, 3], [24, 7.667520103033598, 4], [18, 7.667520103033598, 5]]], [25, 39.665902407610936, [[2, 39.665902407610936, 0], [9, 12.722270623319801, 1], [4, 39.665902407610936, 3], [10, 39.665902407610936, 3], [24, 39.665902407610936, 4], [18, 39.665902407610936, 5], [7, 12.722270623319801, 5]]], [24, 12.969247284475722, [[19, 12.969247284475722, 1], [23, 12.969247284475722, 2], [14, 12.969247284475722, 0]]], [17, 40.957110076793796, [[19, 34.78326259539439, 1], [3, 40.957110076793796, 2], [6, 40.957110076793796, 1], [14, 34.78326259539439, 0], [0, 5.223895463365461, 3], [1, 5.223895463365461, 5]]], [27, 27.49681280968883, [[11, 14.556995937646958, 1], [20, 14.556995937646958, 1], [8, 14.556995937646958, 1], [13, 14.556995937646958, 0], [12, 14.556995937646958, 3]]], [1, 13.379848791350778, [[5, 6.821006673308409, 4], [15, 6.821006673308409, 0], [16, 6.821006673308409, 4]]], [20, 37.300197502332836, [[23, 26.850444559793406, 2], [5, 37.300197502332836, 4], [16, 37.300197502332836, 4]]], [23, 72.0614433543962, [[2, 66.79984074097207, 0], [9, 66.79984074097207, 1], [3, 72.0614433543962, 2], [6, 72.0614433543962, 0], [24, 66.79984074097207, 4], [18, 66.79984074097207, 5]]], [26, 61.63824997587915, [[4, 60.90507468212374, 1], [10, 60.90507468212374, 3], [20, 54.48609258239912, 0], [5, 61.63824997587915, 4]]], [11, 66.2693718449651, [[19, 64.41348745841215, 1], [23, 66.2693718449651, 2], [14, 64.41348745841215, 1], [0, 64.41348745841215, 3], [16, 66.2693718449651, 4]]]], "objective_f": 1580.976376364712, "elapsed_time": 17.35885214805603, "problem_name": "mpmm_1"}