{"assignments": [[4, 48.259502006832754, [[13, 11.556304235851279, 0], [10, 11.556304235851279, 4], [5, 11.556304235851279, 0]]], [17, 11.576267682521783, [[16, 7.711924092207867, 1], [15, 7.711924092207867, 3], [3, 7.711924092207867, 2], [18, 7.711924092207867, 0], [1, 7.711924092207867, 5], [14, 7.711924092207867, 4], [22, 7.711924092207867, 0], [7, 7.711924092207867, 0]]], [19, 12.741434648132575, [[0, 12.081914995280485, 2], [2, 12.081914995280485, 5], [6, 12.081914995280485, 0], [24, 12.081914995280485, 0], [12, 12.081914995280485, 4]]], [15, 63.078438584781345, [[15, 42.33565200499038, 3], [3, 42.33565200499038, 2], [10, 63.078438584781345, 4], [5, 63.078438584781345, 5]]], [26, 46.21681775675829, [[16, 37.87204109797548, 1], [0, 43.032997204509535, 2], [14, 37.87204109797548, 4]]], [21, 34.444785219117605, [[4, 7.387406326399772, 1], [1, 34.38877489017172, 5], [12, 34.444785219117605, 4]]], [24, 66.11711565500501, [[16, 59.83194316123723, 1], [13, 66.11711565500501, 0], [0, 59.83194316123723, 2]]], [27, 59.61694596608144, [[4, 53.11241989076235, 1], [23, 14.564648056268961, 1], [14, 59.61694596608144, 4], [12, 53.11241989076235, 4]]], [22, 51.18233997185979, [[11, 11.940749734849367, 1], [18, 43.40355681247118, 0], [1, 51.18233997185979, 5], [22, 43.40355681247118, 0], [7, 43.40355681247118, 5]]], [11, 37.477807596909734, [[8, 8.277062565107345, 1], [17, 8.277062565107345, 3], [2, 36.23985227385538, 5], [6, 36.23985227385538, 3], [24, 36.23985227385538, 1]]], [10, 63.69795089922345, [[8, 63.69795089922345, 1], [17, 63.69795089922345, 1], [2, 63.69795089922345, 1], [6, 63.69795089922345, 3]]]], "objective_f": 1398.7919989284026, "elapsed_time": 18.48389196395874, "problem_name": "mpmm_1"}