{"assignments": [[14, 10.414696318879878, [[23, 10.414696318879878, 5], [4, 10.414696318879878, 0], [12, 10.414696318879878, 4], [20, 10.414696318879878, 3], [8, 10.414696318879878, 4], [17, 10.414696318879878, 4]]], [19, 33.28719228574624, [[10, 13.398750794764664, 1], [23, 33.28719228574624, 5], [12, 33.28719228574624, 4], [22, 13.398750794764664, 2], [21, 13.398750794764664, 2]]], [21, 32.34580775922814, [[20, 32.34580775922814, 3], [8, 32.34580775922814, 4], [2, 7.365123767666003, 3]]], [25, 32.247769712668905, [[4, 32.247769712668905, 0], [0, 13.389793328886071, 5], [5, 13.389793328886071, 0], [16, 13.389793328886071, 1], [14, 13.389793328886071, 1], [19, 13.389793328886071, 0], [3, 13.389793328886071, 5], [1, 13.389793328886071, 3]]], [27, 28.72918324597038, [[15, 10.745738092433117, 0], [24, 10.745738092433117, 1], [17, 28.72918324597038, 4]]], [23, 53.11089573829889, [[15, 53.11089573829889, 1], [24, 53.11089573829889, 1], [13, 7.521925973266653, 3], [17, 53.11089573829889, 4]]], [8, 22.36384461448808, [[18, 14.42229054315657, 1], [7, 14.42229054315657, 0], [6, 14.42229054315657, 3]]], [28, 59.63380892216112, [[10, 58.00278613059119, 1], [23, 58.00278613059119, 1], [4, 59.63380892216112, 0], [0, 59.63380892216112, 0], [5, 59.63380892216112, 0], [22, 58.00278613059119, 2]]], [9, 64.24744365128487, [[12, 63.311532556749576, 4], [16, 61.45816132886892, 1], [20, 64.24744365128487, 1], [14, 61.45816132886892, 1], [19, 61.45816132886892, 0], [8, 64.24744365128487, 4]]], [20, 66.04296801866954, [[2, 65.6855670711775, 3], [3, 66.04296801866954, 0], [1, 66.04296801866954, 1], [21, 56.30289023127767, 2]]], [5, 42.556907945202255, [[18, 42.556907945202255, 1], [7, 42.556907945202255, 1], [6, 42.556907945202255, 3], [9, 6.071031716582153, 5], [11, 6.071031716582153, 1]]], [17, 59.79339021031262, [[18, 59.79339021031262, 0], [7, 59.79339021031262, 1], [6, 59.79339021031262, 3], [9, 59.79339021031262, 5]]]], "objective_f": 1872.6088454606231, "elapsed_time": 16.43704891204834, "problem_name": "mpmm_5"}