{"assignments": [[20, 14.533170057599655, [[5, 13.234839427487604, 5], [7, 13.234839427487604, 4], [8, 13.234839427487604, 0], [14, 13.234839427487604, 4]]], [18, 43.573092289190555, [[23, 13.513744392434377, 1], [21, 13.513744392434377, 1], [5, 43.573092289190555, 5], [7, 43.573092289190555, 4], [4, 13.513744392434377, 5], [8, 43.573092289190555, 0], [16, 13.513744392434377, 5], [14, 43.573092289190555, 4]]], [12, 17.149428800038272, [[15, 7.695684096840632, 1], [1, 7.695684096840632, 0], [9, 7.695684096840632, 2], [22, 7.695684096840632, 5], [20, 7.695684096840632, 4]]], [9, 64.73015760918592, [[7, 64.73015760918592, 4], [24, 8.943046641219865, 3], [8, 64.73015760918592, 0]]], [24, 34.065786301896445, [[15, 33.69884055624316, 1], [1, 33.69884055624316, 3], [2, 11.744997724874395, 1]]], [17, 10.344241343560979, [[3, 10.344241343560979, 1], [6, 10.344241343560979, 1], [13, 10.344241343560979, 3], [0, 10.344241343560979, 2], [17, 10.344241343560979, 3], [11, 10.344241343560979, 5]]], [22, 38.51625709383484, [[9, 31.204268409702294, 2], [6, 38.51625709383484, 3], [0, 38.51625709383484, 2], [20, 31.204268409702294, 4]]], [11, 40.99188028734247, [[3, 40.99188028734247, 0], [13, 40.99188028734247, 3], [22, 34.44493279017177, 5], [17, 40.99188028734247, 3]]], [16, 63.244127984039636, [[23, 63.244127984039636, 1], [21, 63.244127984039636, 1], [15, 50.75735983102779, 1], [5, 63.244127984039636, 5], [4, 63.244127984039636, 5], [1, 50.75735983102779, 3], [14, 63.244127984039636, 4]]], [26, 66.57442904794695, [[2, 59.52992038889479, 0], [3, 61.505128006765375, 0], [9, 66.57442904794695, 2], [16, 63.378217612410914, 5]]], [21, 64.5158482963698, [[6, 64.5158482963698, 3], [13, 59.037800259153165, 0], [22, 59.037800259153165, 1], [18, 12.762688741359492, 1], [0, 64.5158482963698, 2], [17, 59.037800259153165, 1], [10, 12.762688741359492, 1], [11, 38.29333365222538, 0]]]], "objective_f": 1566.674417635201, "elapsed_time": 16.187052011489868, "problem_name": "mpmm_7"}