{"assignments": [[19, 6.379524062422934, [[15, 6.379524062422934, 1], [17, 6.379524062422934, 5], [6, 6.379524062422934, 0], [23, 6.379524062422934, 3], [9, 6.379524062422934, 5], [14, 6.379524062422934, 5], [20, 6.379524062422934, 4], [2, 6.379524062422934, 4]]], [27, 33.837012752745736, [[15, 33.837012752745736, 1], [22, 11.071691317460628, 1], [17, 33.837012752745736, 5], [6, 33.837012752745736, 0], [18, 11.071691317460628, 0], [0, 11.071691317460628, 0], [23, 33.837012752745736, 3], [20, 33.837012752745736, 4]]], [10, 29.71796043643752, [[4, 6.8147619386508484, 0], [9, 29.71796043643752, 5], [14, 29.71796043643752, 5], [5, 6.8147619386508484, 2]]], [12, 56.593330013159374, [[15, 55.64775585239141, 1], [22, 55.64775585239141, 1], [6, 55.64775585239141, 0], [23, 55.64775585239141, 3], [5, 56.593330013159374, 2], [20, 55.64775585239141, 4]]], [5, 13.910455720840856, [[16, 10.267491661155281, 1], [24, 10.267491661155281, 1], [10, 10.267491661155281, 2], [12, 10.267491661155281, 3], [8, 10.267491661155281, 0], [13, 10.267491661155281, 5], [3, 10.267491661155281, 0], [7, 10.267491661155281, 5]]], [8, 60.14856983796659, [[16, 34.50215507437068, 1], [17, 60.14856983796659, 5], [18, 60.14856983796659, 0], [0, 60.14856983796659, 0]]], [4, 42.575070063368415, [[10, 42.575070063368415, 2], [12, 42.575070063368415, 3], [8, 42.575070063368415, 3], [2, 30.19489497916681, 4]]], [11, 64.516792262234, [[24, 35.18023859039176, 1], [4, 51.65053591044097, 1], [9, 51.65053591044097, 1], [14, 51.65053591044097, 5], [2, 64.516792262234, 4]]], [16, 38.928504122500826, [[13, 38.928504122500826, 5], [19, 14.368627619966292, 1], [3, 38.928504122500826, 0], [11, 14.368627619966292, 4]]], [18, 64.28178516833243, [[10, 64.28178516833243, 2], [12, 64.28178516833243, 1], [8, 64.28178516833243, 3], [11, 60.2585629555752, 4]]]], "objective_f": 1641.9601459576459, "elapsed_time": 15.749632120132446, "problem_name": "mpmm_6"}