{"assignments": [[28, 12.468345410947377, [[18, 12.468345410947377, 1], [12, 12.468345410947377, 4], [10, 12.468345410947377, 2]]], [3, 32.62648566384174, [[18, 32.62648566384174, 3], [14, 12.010659741011219, 5], [10, 32.62648566384174, 2]]], [21, 31.054187940746917, [[11, 13.238090662318493, 0], [12, 31.054187940746917, 1], [19, 13.238090662318493, 5]]], [4, 9.649558309150379, [[4, 9.649558309150379, 3], [7, 9.649558309150379, 5], [6, 9.649558309150379, 5], [13, 9.649558309150379, 4]]], [10, 50.77881988955119, [[18, 50.77881988955119, 1], [14, 50.77881988955119, 5], [5, 5.915396314816437, 0], [4, 31.223646611499174, 3], [7, 31.223646611499174, 5], [6, 31.223646611499174, 5], [13, 31.223646611499174, 4]]], [27, 9.784418983715547, [[8, 8.697959639461683, 0], [16, 8.697959639461683, 3], [9, 8.697959639461683, 0], [20, 8.697959639461683, 2], [17, 8.697959639461683, 5]]], [20, 26.9107733911947, [[23, 7.444911258329245, 1], [8, 26.9107733911947, 0], [22, 7.444911258329245, 4]]], [24, 26.941694858113266, [[16, 26.941694858113266, 0], [9, 26.941694858113266, 0], [21, 13.821120811037174, 3], [0, 13.821120811037174, 3], [17, 26.941694858113266, 5], [1, 13.821120811037174, 0]]], [6, 55.39403711351346, [[11, 55.39403711351346, 1], [12, 55.39403711351346, 1], [10, 52.140437069583946, 2], [22, 53.32006610240049, 4]]], [11, 73.0477084658668, [[18, 73.0477084658668, 1], [11, 70.14931533462212, 0], [12, 70.14931533462212, 4], [14, 73.0477084658668, 5], [5, 73.0477084658668, 0], [19, 61.20452895989158, 5], [23, 53.729743276425644, 1], [10, 70.14931533462212, 2]]], [19, 32.22195299009441, [[2, 13.505654998084847, 1], [15, 13.505654998084847, 1], [20, 32.22195299009441, 2]]], [7, 62.99162794743069, [[2, 62.99162794743069, 1], [8, 60.77984355234055, 0], [20, 62.99162794743069, 2], [17, 43.576064807804414, 5]]], [23, 50.17744461473248, [[16, 50.17744461473248, 0], [9, 50.17744461473248, 0], [21, 50.17744461473248, 3], [0, 50.17744461473248, 3], [1, 50.17744461473248, 3]]]], "objective_f": 1809.005994274904, "elapsed_time": 19.249480962753296, "problem_name": "mpmm_4"}