{"assignments": [[25, 26.676715515332038, [[6, 8.899481129389063, 0], [12, 8.899481129389063, 5], [3, 8.899481129389063, 4]]], [6, 11.399865589060926, [[24, 11.399865589060926, 3], [1, 11.399865589060926, 2], [20, 11.399865589060926, 4]]], [21, 42.806199287799345, [[24, 31.158946195477554, 3], [6, 42.291600120623016, 0], [12, 42.291600120623016, 5], [3, 42.291600120623016, 4], [7, 11.788464593882903, 3], [18, 11.788464593882903, 5], [20, 31.158946195477554, 4]]], [17, 59.91410013623064, [[17, 12.852465222695036, 1], [12, 59.91410013623064, 5], [3, 59.91410013623064, 4], [1, 31.137143809916765, 2], [18, 59.91410013623064, 5]]], [26, 12.374414287281633, [[0, 5.88556464873506, 1], [16, 5.88556464873506, 1], [13, 5.88556464873506, 0], [11, 5.88556464873506, 2], [19, 5.88556464873506, 0], [9, 5.88556464873506, 3], [5, 5.88556464873506, 0], [4, 5.88556464873506, 5]]], [1, 34.61026140469039, [[0, 34.61026140469039, 1], [16, 34.61026140469039, 3], [13, 34.61026140469039, 0], [11, 34.61026140469039, 2], [4, 34.61026140469039, 5]]], [14, 64.25876469689761, [[6, 62.46785694026667, 0], [0, 64.25876469689761, 0], [11, 64.25876469689761, 2], [4, 64.25876469689761, 5]]], [8, 35.15131745955988, [[19, 35.15131745955988, 1], [9, 35.15131745955988, 3], [21, 11.890333940787315, 4]]], [16, 31.17692878093948, [[5, 31.17692878093948, 0], [2, 12.790255977633759, 1], [10, 12.790255977633759, 3], [23, 12.790255977633759, 1], [8, 12.790255977633759, 5]]], [4, 63.562258599085986, [[24, 61.83883870550047, 3], [7, 61.83883870550047, 1], [16, 63.562258599085986, 1], [13, 63.562258599085986, 0], [20, 61.83883870550047, 4], [8, 59.48525791390907, 5]]], [24, 62.50734059129485, [[19, 62.50734059129485, 1], [9, 62.50734059129485, 3], [5, 61.45321233162838, 1], [2, 61.45321233162838, 1], [10, 61.45321233162838, 1], [23, 61.45321233162838, 1], [21, 62.50734059129485, 4], [22, 7.365957631632569, 5]]]], "objective_f": 1796.7624877893627, "elapsed_time": 18.811989068984985, "problem_name": "mpmm_3"}