{"assignments": [[13, 19.815549135619786, [[0, 8.967734050580699, 4], [4, 8.967734050580699, 3], [24, 8.967734050580699, 0], [5, 8.967734050580699, 0]]], [2, 11.193926282257202, [[20, 11.193926282257202, 1], [18, 11.193926282257202, 1], [2, 11.193926282257202, 1], [21, 11.193926282257202, 1], [1, 11.193926282257202, 5], [6, 11.193926282257202, 4], [3, 11.193926282257202, 2], [8, 11.193926282257202, 0]]], [27, 7.615180161382974, [[12, 7.615180161382974, 3], [16, 7.615180161382974, 4], [22, 7.615180161382974, 5], [9, 7.615180161382974, 3]]], [6, 40.210655314429694, [[20, 40.210655314429694, 1], [0, 35.81119286605084, 4], [2, 40.210655314429694, 5]]], [8, 43.389775826000815, [[18, 43.389775826000815, 1], [4, 37.23456413337809, 0], [21, 43.389775826000815, 1], [1, 43.389775826000815, 1], [6, 43.389775826000815, 4], [3, 43.389775826000815, 2]]], [4, 36.970714650733406, [[24, 36.970714650733406, 0], [22, 27.592148589160903, 5], [9, 27.592148589160903, 2]]], [15, 36.78841709590425, [[12, 26.978148398755096, 3], [5, 36.14266978912481, 0], [16, 26.978148398755096, 4], [8, 36.78841709590425, 0], [13, 13.656085740595527, 1], [19, 13.656085740595527, 5], [14, 13.656085740595527, 5]]], [10, 64.97313683493928, [[20, 59.56790299250302, 1], [4, 64.97313683493928, 0], [24, 57.62125384735267, 0], [5, 63.4773858487347, 0], [3, 64.97313683493928, 2], [9, 57.62125384735267, 2]]], [5, 68.07658820131508, [[0, 59.97574582401228, 1], [6, 68.07658820131508, 4], [16, 61.49068394988912, 4]]], [1, 67.2395792425749, [[18, 67.2395792425749, 1], [2, 61.88677034816612, 5], [21, 67.2395792425749, 1], [1, 67.2395792425749, 5], [8, 60.223423859540375, 0], [13, 60.223423859540375, 0], [7, 14.338548437502022, 0], [11, 14.338548437502022, 0]]], [3, 59.17970112203353, [[12, 59.17970112203353, 1], [19, 59.17970112203353, 1], [23, 11.387664727541104, 0]]], [17, 63.86375143582567, [[22, 58.281317510498425, 1], [15, 6.148902513819587, 3], [14, 63.86375143582567, 5], [10, 6.148902513819587, 0]]]], "objective_f": 1670.9390368461466, "elapsed_time": 15.702664852142334, "problem_name": "mpmm_8"}