{"assignments": [[8, 13.541945113128836, [[16, 13.541945113128836, 1], [23, 13.541945113128836, 5], [24, 13.541945113128836, 0], [3, 13.541945113128836, 5], [2, 13.541945113128836, 3]]], [13, 7.468435615443569, [[18, 7.468435615443569, 3], [0, 7.468435615443569, 3], [4, 7.468435615443569, 0], [17, 7.468435615443569, 2], [19, 7.468435615443569, 2]]], [18, 42.65970501485317, [[23, 42.65970501485317, 5], [24, 42.65970501485317, 0], [3, 42.65970501485317, 5], [2, 42.65970501485317, 3], [18, 33.88189229850873, 3], [0, 33.88189229850873, 3], [5, 10.017265599396001, 3], [17, 33.88189229850873, 2]]], [20, 28.736022585267516, [[4, 28.736022585267516, 0], [7, 11.45452698158414, 5], [19, 28.736022585267516, 2]]], [10, 5.148956921991571, [[21, 5.148956921991571, 1], [1, 5.148956921991571, 4], [11, 5.148956921991571, 0], [15, 5.148956921991571, 3], [8, 5.148956921991571, 5], [9, 5.148956921991571, 4]]], [4, 51.260396034088565, [[16, 36.16448627962695, 1], [4, 51.260396034088565, 0], [1, 28.815423543816856, 4], [7, 51.260396034088565, 5], [19, 51.260396034088565, 2], [8, 28.815423543816856, 5]]], [12, 66.32499695586768, [[16, 66.32499695586768, 1], [23, 64.32913934538261, 5], [2, 64.32913934538261, 3]]], [11, 34.36694418240761, [[9, 26.49412643665356, 4], [10, 13.356990718259093, 4], [13, 13.356990718259093, 5]]], [26, 53.197263505911145, [[11, 29.644760063288004, 0], [6, 7.403499074942191, 0], [9, 53.197263505911145, 4], [13, 53.197263505911145, 5]]], [24, 35.59494475618751, [[21, 35.59494475618751, 1], [15, 35.59494475618751, 3], [12, 10.890901852115682, 3], [20, 10.890901852115682, 1]]], [17, 69.42881230677489, [[24, 69.42881230677489, 0], [21, 65.77365240360592, 1], [3, 69.42881230677489, 5], [18, 69.42881230677489, 3], [0, 69.42881230677489, 3], [17, 69.42881230677489, 2], [13, 68.62699770403495, 5]]], [1, 72.36061908642097, [[5, 67.77644881051265, 3], [15, 56.8205387803553, 3], [7, 72.36061908642097, 5], [19, 72.36061908642097, 2], [8, 72.36061908642097, 5], [12, 56.8205387803553, 3]]]], "objective_f": 1517.247510210235, "elapsed_time": 18.827609062194824, "problem_name": "mpmm_2"}