{"assignments": [[21, 41.79475460004839, [[0, 10.602693459291732, 0], [20, 10.602693459291732, 5], [23, 10.602693459291732, 2]]], [6, 62.314786261718076, [[20, 62.314786261718076, 5], [23, 62.314786261718076, 2], [17, 12.549378311433934, 5]]], [25, 66.7257717946134, [[0, 66.7257717946134, 0], [18, 10.505391829099725, 1], [12, 10.505391829099725, 1], [1, 10.505391829099725, 3], [6, 10.505391829099725, 3]]], [18, 6.171718641247182, [[24, 6.171718641247182, 4], [2, 6.171718641247182, 0], [4, 6.171718641247182, 1], [13, 6.171718641247182, 1], [11, 6.171718641247182, 3], [3, 6.171718641247182, 2], [19, 6.171718641247182, 4], [5, 6.171718641247182, 4]]], [4, 45.89728995184043, [[24, 29.127238939207572, 4], [4, 29.127238939207572, 5], [11, 29.127238939207572, 3], [19, 29.127238939207572, 4]]], [10, 28.178790786058943, [[2, 28.178790786058943, 0], [22, 6.249919794157722, 3], [5, 28.178790786058943, 4], [8, 6.249919794157722, 3]]], [7, 63.54197961837334, [[24, 63.54197961837334, 4], [2, 54.43624422835465, 0], [4, 63.54197961837334, 5], [13, 33.053253912247115, 1]]], [12, 45.82898919158928, [[22, 45.82898919158928, 3], [21, 9.802397562926027, 5], [5, 45.82898919158928, 4]]], [13, 63.85131327498162, [[14, 6.0165872817029085, 1], [7, 6.0165872817029085, 0], [11, 63.85131327498162, 3], [22, 62.82730817109075, 3], [19, 63.85131327498162, 4], [8, 52.799165412297484, 3]]], [5, 37.39694572031705, [[3, 33.47871823027903, 2], [15, 14.68440009650961, 5], [16, 14.68440009650961, 1], [9, 14.68440009650961, 3]]], [11, 68.93980904666404, [[3, 60.330361035631185, 2], [21, 68.93980904666404, 5], [15, 60.330361035631185, 1], [16, 60.330361035631185, 0], [5, 68.93980904666404, 4], [10, 10.308678612650496, 0]]]], "objective_f": 1507.8010258570298, "elapsed_time": 15.655816078186035, "problem_name": "mpmm_9"}