{"assignments": [[19, 13.004252785523226, [[2, 13.004252785523226, 0], [3, 13.004252785523226, 4], [10, 13.004252785523226, 2]]], [5, 31.795824268793677, [[2, 31.795824268793677, 0], [7, 11.374188085516364, 5], [3, 31.795824268793677, 4], [10, 31.795824268793677, 2]]], [24, 12.231613302175768, [[11, 6.053591107859421, 0], [1, 6.053591107859421, 3], [6, 6.053591107859421, 0], [19, 6.053591107859421, 4], [16, 6.053591107859421, 4]]], [10, 50.46772166822581, [[20, 12.03727464989387, 1], [2, 50.46772166822581, 3], [23, 12.03727464989387, 1], [7, 50.46772166822581, 5], [11, 35.76144197565742, 5], [3, 50.46772166822581, 4]]], [22, 30.182421215934806, [[6, 30.182421215934806, 0], [19, 30.182421215934806, 4], [9, 5.457279356242558, 5], [17, 5.457279356242558, 5]]], [27, 32.47239544542637, [[18, 11.073056181501544, 1], [1, 32.47239544542637, 3], [16, 32.47239544542637, 4], [22, 11.073056181501544, 5]]], [28, 6.963596234381638, [[0, 5.024707897743496, 1], [4, 5.024707897743496, 3], [21, 5.024707897743496, 2]]], [20, 59.07900940544551, [[18, 59.07900940544551, 1], [6, 54.931904773815475, 0], [19, 54.931904773815475, 4], [9, 54.931904773815475, 5]]], [3, 52.35335470546795, [[1, 52.35335470546795, 3], [4, 23.416052376067682, 3], [17, 48.980433092925686, 5], [22, 52.35335470546795, 5]]], [18, 28.049162995667494, [[0, 27.096448710244037, 0], [5, 13.210331377883396, 3], [13, 13.210331377883396, 3], [8, 13.210331377883396, 0], [21, 27.096448710244037, 2]]], [8, 53.06446536245494, [[0, 49.58091627957906, 0], [10, 53.06446536245494, 2], [24, 12.65301790874606, 1], [5, 49.58091627957906, 1], [13, 49.58091627957906, 3], [21, 49.58091627957906, 2], [16, 51.821189120666006, 4]]], [15, 72.44664070287527, [[2, 72.44664070287527, 3], [7, 72.44664070287527, 5], [10, 70.41591916265858, 2]]], [25, 67.75813806019545, [[0, 67.75813806019545, 1], [24, 67.75813806019545, 1], [5, 67.75813806019545, 3], [8, 54.17167372747246, 0], [12, 8.03428403892599, 0], [21, 67.75813806019545, 2], [16, 67.75813806019545, 4]]]], "objective_f": 16174.711772534265, "elapsed_time": 16.108949899673462, "problem_name": "mpmp_4"}