{"assignments": [[22, 24.571011934692372, [[13, 10.874154597407989, 1], [15, 10.874154597407989, 3], [21, 10.874154597407989, 0], [4, 10.874154597407989, 3], [16, 10.874154597407989, 5], [7, 10.874154597407989, 0], [5, 10.874154597407989, 4], [20, 10.874154597407989, 4]]], [1, 27.296446805586612, [[11, 14.566592556142249, 2], [18, 14.566592556142249, 5], [1, 14.566592556142249, 3], [23, 14.566592556142249, 4]]], [24, 56.29130436788525, [[15, 56.29130436788525, 3], [21, 56.29130436788525, 0], [4, 56.29130436788525, 3], [5, 56.29130436788525, 4]]], [12, 14.355741002298426, [[14, 8.824970274924086, 1], [12, 8.824970274924086, 1], [3, 8.824970274924086, 1], [8, 8.824970274924086, 3], [10, 8.824970274924086, 3]]], [17, 54.63284179572403, [[13, 54.63284179572403, 1], [7, 54.63284179572403, 0], [20, 54.63284179572403, 4]]], [14, 56.275932249737956, [[11, 45.16983333024383, 2], [16, 56.275932249737956, 5], [18, 45.16983333024383, 5], [1, 45.16983333024383, 0]]], [10, 37.93252632379276, [[14, 37.93252632379276, 1], [12, 37.93252632379276, 1], [3, 37.93252632379276, 0], [8, 37.93252632379276, 3], [10, 37.93252632379276, 3]]], [18, 61.913587953081304, [[0, 12.500554631601531, 2], [3, 61.913587953081304, 0], [8, 61.913587953081304, 0]]], [16, 60.73761965082419, [[14, 60.73761965082419, 1], [12, 60.73761965082419, 5], [10, 60.73761965082419, 3]]], [19, 46.17526299963896, [[19, 5.4367595915679745, 1], [22, 5.4367595915679745, 1], [6, 5.4367595915679745, 5], [23, 46.17526299963896, 4]]]], "objective_f": 24325.668586415963, "elapsed_time": 15.640234231948853, "problem_name": "mpmp_1"}