{"assignments": [[24, 13.954476682575962, [[4, 13.954476682575962, 0], [20, 13.954476682575962, 1], [15, 13.954476682575962, 0], [13, 13.954476682575962, 1], [12, 13.954476682575962, 1], [18, 13.954476682575962, 1], [6, 13.954476682575962, 3]]], [5, 50.13806950257399, [[4, 40.6552397120794, 0], [20, 40.6552397120794, 1], [15, 40.6552397120794, 0], [13, 40.6552397120794, 1]]], [9, 13.531077478002976, [[3, 13.531077478002976, 4], [14, 13.531077478002976, 1], [0, 13.531077478002976, 3], [5, 13.531077478002976, 2], [21, 13.531077478002976, 4]]], [4, 39.69095505398806, [[3, 36.838940875647424, 0], [12, 38.94468452534653, 1], [18, 38.94468452534653, 1], [6, 38.94468452534653, 3], [14, 36.838940875647424, 1], [5, 36.838940875647424, 2], [21, 36.838940875647424, 4]]], [10, 10.10808828520754, [[9, 10.10808828520754, 1], [11, 10.10808828520754, 2], [2, 10.10808828520754, 3]]], [3, 42.42362631337629, [[9, 39.87677810670202, 1], [0, 42.42362631337629, 5], [11, 39.87677810670202, 2], [7, 10.846157726133073, 0], [2, 39.87677810670202, 0], [16, 10.846157726133073, 0], [1, 10.846157726133073, 0]]], [20, 40.95854312403074, [[24, 6.06352596507554, 5], [8, 6.06352596507554, 5], [22, 6.06352596507554, 1], [10, 6.06352596507554, 3]]], [27, 74.65493966574248, [[4, 74.65493966574248, 1], [20, 74.65493966574248, 1], [15, 74.65493966574248, 1], [13, 74.65493966574248, 3], [3, 69.0637906279426, 4], [12, 69.0637906279426, 4], [18, 69.0637906279426, 5], [5, 69.0637906279426, 2]]], [2, 70.78824555275293, [[6, 70.78824555275293, 3], [14, 70.78824555275293, 0], [9, 70.4645199135192, 5], [21, 70.78824555275293, 4]]]], "objective_f": 21847.41017881304, "elapsed_time": 17.374535083770752, "problem_name": "mpmp_5"}