{"assignments": [[7, 5.868362726104141, [[0, 5.225525658250355, 0], [8, 5.225525658250355, 0], [3, 5.225525658250355, 5], [19, 5.225525658250355, 5], [14, 5.225525658250355, 5], [5, 5.225525658250355, 4], [22, 5.225525658250355, 2]]], [11, 27.258821033696996, [[0, 27.258821033696996, 0], [8, 27.258821033696996, 3], [2, 5.8591668350547135, 1], [5, 27.258821033696996, 4], [22, 27.258821033696996, 2]]], [6, 48.62041322717584, [[8, 48.62041322717584, 3], [3, 29.830027581435225, 5], [5, 48.62041322717584, 4]]], [5, 29.652634985158294, [[19, 29.652634985158294, 5], [7, 5.077071895862685, 3], [4, 5.077071895862685, 3], [12, 5.077071895862685, 3]]], [19, 12.943165875724958, [[21, 7.011385844266905, 1], [18, 7.011385844266905, 4], [13, 7.011385844266905, 2], [10, 7.011385844266905, 4]]], [16, 41.17924588226598, [[14, 27.83886307133713, 5], [18, 41.17924588226598, 4], [11, 14.893285006127318, 5], [13, 41.17924588226598, 2]]], [13, 49.325013486362714, [[0, 49.325013486362714, 1], [2, 49.325013486362714, 3], [10, 39.312916189370995, 4]]], [14, 55.995508663782985, [[21, 44.62213625287855, 1], [1, 10.96033572318217, 0], [19, 54.67843365513794, 5], [12, 54.67843365513794, 5], [22, 55.995508663782985, 2]]], [12, 66.88101030384694, [[20, 14.577540399134366, 1], [24, 14.577540399134366, 1], [7, 58.01724663543039, 3], [6, 14.577540399134366, 0], [4, 58.01724663543039, 3], [15, 14.577540399134366, 0], [14, 66.88101030384694, 5], [13, 66.88101030384694, 2]]]], "objective_f": 22514.86444190991, "elapsed_time": 16.53085708618164, "problem_name": "mpmp_2"}