{"assignments": [[11, 11.944951476795273, [[2, 11.944951476795273, 0], [0, 11.944951476795273, 1], [6, 11.944951476795273, 3], [8, 11.944951476795273, 3], [3, 11.944951476795273, 5], [17, 11.944951476795273, 4], [20, 11.944951476795273, 4], [16, 11.944951476795273, 2]]], [14, 34.37799522110315, [[2, 34.37799522110315, 0], [0, 34.37799522110315, 0], [6, 34.37799522110315, 0], [3, 34.37799522110315, 5]]], [15, 41.82593176481792, [[23, 7.926613094919922, 0], [17, 41.82593176481792, 4], [16, 41.82593176481792, 2]]], [20, 42.84677581448293, [[19, 5.383269082928263, 1], [1, 5.383269082928263, 1], [8, 42.84677581448293, 3], [5, 5.383269082928263, 3], [20, 42.84677581448293, 4]]], [28, 14.596571745835126, [[7, 14.596571745835126, 1], [12, 14.596571745835126, 5], [9, 14.596571745835126, 0], [13, 14.596571745835126, 5], [18, 14.596571745835126, 3], [15, 14.596571745835126, 3], [4, 14.596571745835126, 0]]], [16, 41.96668875443143, [[7, 41.96668875443143, 1], [24, 14.085771952469795, 1], [11, 14.085771952469795, 1], [12, 41.96668875443143, 5], [9, 41.96668875443143, 0], [13, 41.96668875443143, 5]]], [4, 39.78744829967533, [[18, 39.78744829967533, 1], [14, 9.026129771682356, 4], [15, 39.78744829967533, 1], [10, 9.026129771682356, 5]]], [23, 65.72382150299751, [[2, 65.72382150299751, 1], [0, 65.72382150299751, 1], [6, 65.72382150299751, 3], [23, 64.4818408061344, 0], [3, 65.72382150299751, 5], [17, 64.4818408061344, 4]]], [12, 72.13823143140995, [[19, 71.56742801147573, 1], [1, 71.56742801147573, 0], [7, 72.13823143140995, 0], [24, 72.13823143140995, 1], [8, 71.56742801147573, 3], [5, 71.56742801147573, 3], [12, 72.13823143140995, 5], [20, 71.56742801147573, 4]]], [5, 66.75727733748317, [[13, 66.62308977163809, 5], [18, 59.39538478981207, 3], [16, 66.75727733748317, 2]]], [13, 58.8828444662608, [[14, 58.8828444662608, 4], [15, 58.8828444662608, 3], [4, 44.53532558106227, 0], [10, 58.8828444662608, 5], [22, 8.640266054532189, 1], [21, 8.640266054532189, 2]]]], "objective_f": 22751.705175517458, "elapsed_time": 16.202648878097534, "problem_name": "mpmp_1"}