{"assignments": [[3, 58.05979619194062, [[18, 11.508575279484951, 1], [19, 11.508575279484951, 3], [15, 11.508575279484951, 2]]], [21, 27.467915598967675, [[7, 13.94957525944361, 0], [11, 13.94957525944361, 1], [23, 13.94957525944361, 5], [10, 13.94957525944361, 5], [20, 13.94957525944361, 3], [8, 13.94957525944361, 3], [12, 13.94957525944361, 3]]], [26, 9.13535023481784, [[6, 8.76546720590701, 0], [17, 8.76546720590701, 0], [1, 8.76546720590701, 2]]], [28, 13.570129533609812, [[5, 6.514875929285879, 4], [22, 6.514875929285879, 1], [0, 6.514875929285879, 0], [16, 6.514875929285879, 3], [3, 6.514875929285879, 5]]], [20, 38.61906259520129, [[6, 38.61906259520129, 1], [5, 33.24982193235971, 1], [22, 33.24982193235971, 4], [17, 38.61906259520129, 5], [3, 33.24982193235971, 5]]], [24, 62.72685584734956, [[7, 62.72685584734956, 5], [11, 62.72685584734956, 0], [6, 56.736326373196796, 1], [5, 56.736326373196796, 4], [20, 62.72685584734956, 3], [8, 62.72685584734956, 3], [22, 56.736326373196796, 4]]], [5, 35.87408804967146, [[0, 30.057852677927716, 1], [1, 35.87408804967146, 2], [16, 30.057852677927716, 3], [24, 12.783841946820388, 0], [13, 12.783841946820388, 3]]], [4, 62.796426379015436, [[23, 55.95607242569332, 5], [10, 55.95607242569332, 5], [17, 61.169118566379154, 5], [0, 62.796426379015436, 1], [1, 62.796426379015436, 2], [12, 55.95607242569332, 3], [3, 61.169118566379154, 5]]], [13, 28.061123429197377, [[4, 5.0663804063680455, 1], [9, 5.0663804063680455, 1], [14, 5.0663804063680455, 0]]], [10, 61.18536583906835, [[4, 46.84606442545167, 1], [16, 61.18536583906835, 3], [24, 61.18536583906835, 0]]]], "objective_f": 22281.081279079484, "elapsed_time": 16.171401023864746, "problem_name": "mpmp_3"}