{"assignments": [[26, 16.55964539099373, [[14, 13.267591680336064, 4], [12, 13.267591680336064, 0], [5, 13.267591680336064, 3], [9, 13.267591680336064, 2], [21, 13.267591680336064, 2]]], [25, 35.28289195531032, [[24, 6.954756561633176, 1], [14, 35.28289195531032, 4], [12, 35.28289195531032, 5], [5, 35.28289195531032, 3], [9, 35.28289195531032, 2]]], [27, 22.569906366426082, [[7, 14.17136861285818, 1], [1, 14.17136861285818, 1], [8, 14.17136861285818, 1], [17, 14.17136861285818, 5], [11, 14.17136861285818, 3], [19, 14.17136861285818, 5]]], [22, 43.37092183323645, [[7, 43.37092183323645, 1], [1, 43.37092183323645, 1], [8, 43.37092183323645, 5], [11, 43.37092183323645, 3], [19, 43.37092183323645, 3], [21, 35.03754016925131, 2]]], [9, 17.628245578193322, [[6, 8.925167522173009, 3], [0, 8.925167522173009, 4], [13, 8.925167522173009, 3]]], [12, 12.045069816394289, [[20, 12.045069816394289, 0], [10, 12.045069816394289, 0], [3, 12.045069816394289, 5], [18, 12.045069816394289, 3]]], [11, 64.27138690844299, [[24, 63.305403226503415, 1], [7, 64.27138690844299, 1], [14, 63.305403226503415, 4], [12, 63.305403226503415, 0], [8, 64.27138690844299, 5], [17, 44.01673855822698, 5], [5, 63.305403226503415, 3], [9, 63.305403226503415, 2]]], [6, 64.40829419488182, [[1, 64.40829419488182, 1], [20, 40.067880802958776, 0], [19, 64.40829419488182, 5], [21, 64.40829419488182, 2]]], [17, 41.46096493781984, [[2, 6.238367550600962, 1], [6, 41.46096493781984, 3], [0, 41.46096493781984, 4], [3, 37.7207586037986, 5], [13, 41.46096493781984, 3], [18, 37.7207586037986, 3]]], [1, 69.54711127692916, [[2, 69.20431042547581, 1], [11, 69.54711127692916, 1], [0, 69.20431042547581, 4], [3, 69.20431042547581, 4]]]], "objective_f": 19811.711387325515, "elapsed_time": 18.468219995498657, "problem_name": "mpmp_9"}