{"assignments": [[20, 13.16976982846423, [[11, 7.773144498116183, 0], [4, 7.773144498116183, 3], [22, 7.773144498116183, 4], [2, 7.773144498116183, 3], [8, 7.773144498116183, 5]]], [3, 34.11337747855403, [[11, 34.11337747855403, 1], [4, 34.11337747855403, 3], [22, 34.11337747855403, 4], [2, 34.11337747855403, 3], [8, 34.11337747855403, 5]]], [12, 14.30315155341816, [[16, 10.801528246741555, 1], [23, 10.801528246741555, 0], [13, 10.801528246741555, 1], [15, 10.801528246741555, 2], [21, 10.801528246741555, 5], [1, 10.801528246741555, 3]]], [7, 9.124714247665008, [[18, 9.124714247665008, 1], [14, 9.124714247665008, 5], [10, 9.124714247665008, 5], [7, 9.124714247665008, 2]]], [24, 51.18047137978554, [[11, 51.18047137978554, 0], [16, 46.15342415962896, 0], [4, 51.18047137978554, 1], [2, 51.18047137978554, 3], [8, 51.18047137978554, 5], [15, 46.15342415962896, 2]]], [22, 49.209917552678206, [[21, 49.209917552678206, 5], [14, 37.23253171086963, 5], [1, 49.209917552678206, 3], [10, 37.23253171086963, 5], [7, 37.23253171086963, 2]]], [4, 8.331816015402879, [[19, 8.331816015402879, 0], [12, 8.331816015402879, 4], [20, 8.331816015402879, 4]]], [14, 51.91825805552477, [[23, 46.08884623213926, 0], [13, 46.08884623213926, 0], [22, 51.91825805552477, 1], [18, 38.97587350353305, 1], [17, 14.801545493285612, 1], [19, 31.023909544603832, 0]]], [19, 14.224716332903803, [[24, 14.224716332903803, 1], [6, 14.224716332903803, 0], [0, 14.224716332903803, 3], [3, 14.224716332903803, 3], [5, 14.224716332903803, 3], [9, 14.224716332903803, 5]]], [21, 34.92199306922698, [[24, 34.92199306922698, 1], [6, 34.92199306922698, 0], [3, 34.92199306922698, 0], [12, 31.85967601631565, 4], [5, 34.92199306922698, 0], [9, 34.92199306922698, 5]]], [23, 58.655029173757306, [[24, 58.655029173757306, 1], [6, 58.655029173757306, 0], [0, 36.44222890816031, 3], [9, 58.655029173757306, 5]]], [9, 56.47605495747549, [[3, 56.47605495747549, 0], [12, 56.47605495747549, 1], [5, 56.47605495747549, 3]]]], "objective_f": 28838.159582487, "elapsed_time": 18.624486923217773, "problem_name": "mpmp_6"}