{"assignments": [[27, 6.727663164466345, [[0, 6.727663164466345, 5], [11, 6.727663164466345, 1], [5, 6.727663164466345, 4], [1, 6.727663164466345, 3], [24, 6.727663164466345, 2], [3, 6.727663164466345, 4], [8, 6.727663164466345, 5]]], [25, 28.428302539034416, [[11, 28.428302539034416, 1], [1, 28.428302539034416, 3], [24, 28.428302539034416, 2], [7, 14.544987576648257, 3]]], [10, 12.530506864549638, [[21, 12.530506864549638, 1], [12, 12.530506864549638, 2], [22, 12.530506864549638, 4]]], [3, 28.105230664559517, [[0, 28.105230664559517, 5], [5, 28.105230664559517, 4], [8, 28.105230664559517, 5], [14, 12.990535495323723, 5]]], [4, 29.351971597518045, [[2, 12.389184354317965, 0], [3, 27.850400853940954, 4], [9, 12.389184354317965, 3], [10, 12.389184354317965, 3], [22, 29.351971597518045, 4]]], [18, 34.251136063671844, [[21, 34.251136063671844, 1], [4, 13.849623670148537, 0], [15, 13.849623670148537, 5]]], [16, 57.762337948143234, [[0, 56.15887321626709, 0], [11, 57.762337948143234, 1], [5, 56.15887321626709, 4], [1, 57.762337948143234, 3], [24, 57.762337948143234, 2], [7, 57.762337948143234, 3], [12, 35.033058835289644, 2]]], [2, 16.749568184944902, [[20, 5.901670945839394, 1], [6, 5.901670945839394, 0], [17, 5.901670945839394, 3], [16, 5.901670945839394, 0], [23, 5.901670945839394, 5]]], [23, 60.1543578384273, [[2, 60.1543578384273, 0], [8, 59.25472381167155, 5], [9, 60.1543578384273, 3], [10, 60.1543578384273, 3]]], [20, 58.71436698652953, [[3, 55.253311798793504, 0], [4, 58.71436698652953, 0], [6, 48.66659753146651, 0]]], [28, 59.651580207923985, [[21, 59.63063773249882, 1], [14, 59.651580207923985, 5], [17, 44.441040564970464, 3], [15, 59.63063773249882, 5], [13, 7.384981825426099, 3], [23, 44.441040564970464, 5]]]], "objective_f": 26174.792002857565, "elapsed_time": 17.593261003494263, "problem_name": "mpmp_8"}