{"assignments": [[28, 11.205414062724433, [[1, 6.093429642841727, 3], [8, 6.093429642841727, 2], [18, 6.093429642841727, 2]]], [2, 36.51047695035737, [[21, 10.487960514494262, 1], [0, 10.487960514494262, 4], [3, 10.487960514494262, 1], [1, 36.51047695035737, 3], [8, 36.51047695035737, 2], [23, 10.487960514494262, 5], [18, 36.51047695035737, 2]]], [18, 22.97861465147746, [[22, 7.802890476244264, 0], [7, 7.802890476244264, 4], [2, 7.802890476244264, 1], [24, 7.802890476244264, 1], [14, 7.802890476244264, 3], [17, 7.802890476244264, 0], [13, 7.802890476244264, 1], [10, 7.802890476244264, 4]]], [23, 8.370457761096834, [[5, 8.195994510677185, 0], [4, 8.195994510677185, 0], [9, 8.195994510677185, 0], [6, 8.195994510677185, 5], [15, 8.195994510677185, 3], [11, 8.195994510677185, 3]]], [11, 35.413610772958705, [[5, 35.413610772958705, 1], [6, 35.413610772958705, 5], [15, 35.413610772958705, 3], [12, 7.736382280583669, 5]]], [5, 38.63492979917465, [[2, 38.63492979917465, 1], [24, 38.63492979917465, 1], [14, 38.63492979917465, 3], [13, 38.63492979917465, 3]]], [12, 59.74148309750438, [[21, 59.74148309750438, 1], [0, 59.74148309750438, 4], [22, 41.463999963123456, 0], [1, 59.74148309750438, 3], [7, 41.463999963123456, 4], [23, 59.74148309750438, 5], [14, 55.942995818882665, 3], [13, 55.942995818882665, 3]]], [22, 57.57396980085009, [[3, 57.57396980085009, 1], [8, 57.57396980085009, 2], [15, 55.14280425254767, 3]]], [19, 42.75477233521476, [[17, 42.75477233521476, 1], [10, 42.75477233521476, 4], [4, 34.86755712800934, 0], [20, 14.514371779049018, 5]]], [25, 66.10801268296716, [[17, 60.131018829632055, 0], [5, 57.034933698518955, 0], [18, 66.10801268296716, 2]]], [26, 61.73553430139743, [[2, 61.533287012239256, 1], [10, 61.73553430139743, 4], [4, 61.73553430139743, 0], [9, 35.15493041783764, 0], [11, 35.15493041783764, 3], [19, 8.116419258833739, 3]]]], "objective_f": 22242.79309697863, "elapsed_time": 17.687035083770752, "problem_name": "mpmp_7"}