{"assignments": [[2, 30.27269149815198, [[7, 6.889333675586383, 4], [13, 6.889333675586383, 1], [22, 6.889333675586383, 5], [10, 6.889333675586383, 2]]], [27, 10.03782046926736, [[11, 9.81714015216029, 0], [24, 9.81714015216029, 1], [18, 9.81714015216029, 0], [3, 9.81714015216029, 3], [21, 9.81714015216029, 5], [15, 9.81714015216029, 4], [4, 9.81714015216029, 5]]], [20, 52.83555147755991, [[7, 52.83555147755991, 4], [13, 52.83555147755991, 3], [22, 52.83555147755991, 5], [10, 52.83555147755991, 2]]], [14, 41.578916354610804, [[11, 41.578916354610804, 0], [24, 41.578916354610804, 1], [21, 41.578916354610804, 5], [4, 41.578916354610804, 5]]], [12, 9.59678571246216, [[2, 6.401646831632783, 0], [19, 6.401646831632783, 2], [23, 6.401646831632783, 5]]], [18, 70.23158208543298, [[7, 70.23158208543298, 0], [13, 70.23158208543298, 3], [11, 66.65148858351061, 0], [22, 70.23158208543298, 5], [10, 70.23158208543298, 2], [3, 39.652392268049645, 3]]], [7, 42.195972620759015, [[18, 42.195972620759015, 1], [2, 29.290937742722882, 1], [19, 29.290937742722882, 2], [23, 29.290937742722882, 5]]], [1, 14.4036790399934, [[6, 14.4036790399934, 1], [12, 14.4036790399934, 3], [16, 14.4036790399934, 3], [8, 14.4036790399934, 3], [5, 14.4036790399934, 3], [14, 14.4036790399934, 5]]], [4, 68.83343277405623, [[24, 67.76236398217793, 1], [18, 68.83343277405623, 1], [21, 67.76236398217793, 5], [4, 67.76236398217793, 5]]], [17, 39.33291289999572, [[6, 31.28448249275067, 0], [15, 39.33291289999572, 4], [17, 8.792208753525273, 4], [14, 31.28448249275067, 5]]], [19, 54.550702803207386, [[6, 54.550702803207386, 0], [12, 33.945262212525826, 3], [16, 33.945262212525826, 3], [14, 54.550702803207386, 5]]], [9, 67.57506372769325, [[19, 67.57506372769325, 2], [15, 61.528620055063286, 4], [17, 61.528620055063286, 4]]]], "objective_f": 1727.52373628052, "elapsed_time": 18.58006501197815, "problem_name": "mppm_1"}