{"assignments": [[9, 8.350472595585115, [[19, 8.350472595585115, 0], [20, 8.350472595585115, 5], [17, 8.350472595585115, 5], [8, 8.350472595585115, 2]]], [13, 42.85977673685055, [[3, 6.664407208826864, 3], [19, 36.30034755343849, 0], [15, 6.664407208826864, 3], [8, 36.30034755343849, 2]]], [7, 17.475586499132667, [[4, 5.65762501330359, 4], [1, 5.65762501330359, 3], [0, 5.65762501330359, 2]]], [4, 35.883552362432575, [[23, 8.907228902493564, 1], [21, 8.907228902493564, 1], [20, 35.33563572370453, 1], [17, 35.33563572370453, 5], [4, 35.883552362432575, 4], [1, 35.883552362432575, 3], [0, 35.883552362432575, 2]]], [10, 64.95568863164299, [[3, 64.95568863164299, 3], [20, 57.62435321199245, 5], [8, 64.95568863164299, 2]]], [1, 12.081867756278747, [[5, 12.081867756278747, 1], [6, 12.081867756278747, 1], [11, 12.081867756278747, 5], [12, 12.081867756278747, 4], [2, 12.081867756278747, 3], [24, 12.081867756278747, 5], [9, 12.081867756278747, 4]]], [12, 63.3081604353838, [[19, 63.3081604353838, 0], [17, 61.69529495679199, 5], [15, 63.3081604353838, 3]]], [20, 56.35523636266906, [[23, 56.35523636266906, 1], [21, 56.35523636266906, 1], [5, 41.750289571610494, 0], [6, 41.750289571610494, 1], [1, 56.35523636266906, 3], [11, 41.750289571610494, 5], [0, 56.35523636266906, 2]]], [2, 38.45256876409931, [[14, 9.79736069372617, 1], [12, 38.45256876409931, 4], [2, 38.45256876409931, 5], [24, 38.45256876409931, 5], [22, 9.79736069372617, 3], [9, 38.45256876409931, 4]]], [28, 65.83764549638295, [[4, 65.83764549638295, 1], [14, 63.472417108190726, 0], [12, 63.472417108190726, 4], [2, 63.472417108190726, 3], [24, 63.472417108190726, 5], [9, 63.472417108190726, 4]]], [19, 60.812555970145524, [[18, 14.029601888357028, 1], [10, 14.029601888357028, 1], [16, 14.029601888357028, 0], [13, 14.029601888357028, 0], [22, 60.812555970145524, 3], [7, 14.029601888357028, 3]]]], "objective_f": 1497.9727564394486, "elapsed_time": 16.59328317642212, "problem_name": "mppm_9"}