{"assignments": [[11, 14.219815265896898, [[24, 14.219815265896898, 2], [3, 14.219815265896898, 3], [11, 14.219815265896898, 4], [15, 14.219815265896898, 5], [7, 14.219815265896898, 2]]], [21, 37.332152388658635, [[8, 5.470947226914918, 1], [24, 31.027254931466185, 2], [3, 31.027254931466185, 1], [21, 5.470947226914918, 0], [20, 5.470947226914918, 0], [11, 31.027254931466185, 4]]], [5, 58.62396441496406, [[24, 58.62396441496406, 2], [3, 58.62396441496406, 3], [11, 58.62396441496406, 4]]], [19, 29.50204744951212, [[1, 9.748363146181685, 1], [15, 29.50204744951212, 5], [0, 9.748363146181685, 0], [10, 9.748363146181685, 3], [6, 9.748363146181685, 3], [4, 9.748363146181685, 4], [2, 9.748363146181685, 4], [7, 29.50204744951212, 2]]], [25, 56.05984051001877, [[15, 56.05984051001877, 5], [10, 56.05984051001877, 3], [4, 56.05984051001877, 4], [7, 56.05984051001877, 2]]], [20, 6.086659377085553, [[22, 6.086659377085553, 1], [14, 6.086659377085553, 5], [18, 6.086659377085553, 5]]], [2, 55.96246166243786, [[0, 55.96246166243786, 5], [6, 55.96246166243786, 3], [17, 7.998080645274111, 3], [2, 55.96246166243786, 5]]], [3, 53.27555608753134, [[1, 53.27555608753134, 0], [23, 12.238985660730872, 0], [14, 28.236098380717216, 5]]], [24, 31.67936919713377, [[22, 31.67936919713377, 1], [19, 6.690728349894667, 1], [5, 6.690728349894667, 3]]]], "objective_f": 1305.825618517386, "elapsed_time": 17.046451091766357, "problem_name": "mppm_5"}