{"assignments": [[3, 14.3166933354009, [[9, 14.3166933354009, 0], [13, 14.3166933354009, 5], [12, 14.3166933354009, 4], [24, 14.3166933354009, 2]]], [25, 36.64663886608914, [[13, 36.64663886608914, 5], [21, 14.960124582063523, 5], [23, 14.960124582063523, 3], [24, 36.64663886608914, 2]]], [16, 35.5189726365018, [[9, 35.5189726365018, 0], [12, 35.5189726365018, 4], [5, 12.7017617321714, 4]]], [24, 54.58771359090224, [[17, 8.0971893533615, 1], [9, 54.58771359090224, 0], [14, 8.0971893533615, 5], [12, 54.58771359090224, 4], [5, 54.58771359090224, 4]]], [14, 14.636009273215459, [[7, 14.636009273215459, 1], [1, 14.636009273215459, 3], [0, 14.636009273215459, 5], [8, 14.636009273215459, 3], [2, 14.636009273215459, 5], [10, 14.636009273215459, 4]]], [20, 11.666279268083162, [[16, 11.666279268083162, 0], [6, 11.666279268083162, 0], [18, 11.666279268083162, 2], [3, 11.666279268083162, 3]]], [7, 42.954733798069924, [[7, 39.83861833449571, 0], [0, 39.83861833449571, 5], [10, 39.83861833449571, 4], [18, 42.954733798069924, 2]]], [11, 66.78025863977581, [[7, 66.78025863977581, 1], [23, 63.62124550797935, 3], [1, 44.251899678161095, 3], [24, 63.62124550797935, 2], [8, 44.251899678161095, 3], [18, 66.78025863977581, 2]]], [15, 39.925469250592215, [[16, 39.39336933469446, 1], [6, 39.39336933469446, 1], [15, 6.84935294597773, 1], [2, 39.925469250592215, 5]]], [12, 64.12953651832291, [[13, 62.87227048811887, 5], [21, 62.87227048811887, 1], [0, 64.12953651832291, 0], [2, 60.00288349088419, 3], [10, 64.12953651832291, 4]]], [6, 63.64144879637821, [[16, 63.64144879637821, 1], [6, 63.64144879637821, 1], [3, 38.83656928351734, 3], [11, 6.070347916645774, 3]]]], "objective_f": 1471.7590431944823, "elapsed_time": 16.12452983856201, "problem_name": "mppm_6"}