{"assignments": [[15, 14.573445937390417, [[8, 7.600860776090408, 5], [12, 7.600860776090408, 5], [10, 7.600860776090408, 3]]], [27, 9.596782143261288, [[4, 9.136120873671725, 0], [22, 9.136120873671725, 1], [18, 9.136120873671725, 2], [23, 9.136120873671725, 3], [17, 9.136120873671725, 5]]], [22, 43.479288310833056, [[4, 31.612934366419395, 0], [8, 41.67067795993917, 5], [22, 31.612934366419395, 0], [10, 41.67067795993917, 3], [23, 31.612934366419395, 3]]], [20, 31.422487834415602, [[1, 11.042721865257574, 0], [18, 31.422487834415602, 2], [17, 31.422487834415602, 5], [3, 11.042721865257574, 3], [19, 11.042721865257574, 4], [20, 11.042721865257574, 0]]], [4, 48.79983333884725, [[16, 8.405288860477249, 1], [1, 48.79983333884725, 0], [12, 47.31521632237664, 5], [3, 48.79983333884725, 3], [19, 48.79983333884725, 4]]], [9, 64.19208725041214, [[4, 64.19208725041214, 0], [8, 64.19208725041214, 1], [18, 54.501538651551535, 2]]], [12, 16.5389791010186, [[14, 5.064414556891439, 2], [9, 5.064414556891439, 4], [15, 5.064414556891439, 0], [5, 5.064414556891439, 5], [2, 5.064414556891439, 3], [0, 5.064414556891439, 5]]], [1, 35.87060766699055, [[14, 35.87060766699055, 2], [9, 35.87060766699055, 4], [15, 35.87060766699055, 0], [7, 7.295635116206192, 0], [13, 7.295635116206192, 0], [5, 35.87060766699055, 5], [2, 35.87060766699055, 3]]], [26, 65.40103605984868, [[22, 58.55430908772151, 0], [16, 65.40103605984868, 1], [1, 65.40103605984868, 0], [12, 65.40103605984868, 5], [10, 58.55430908772151, 3], [17, 51.59356784969361, 5]]], [28, 36.24397002098924, [[11, 10.357569685221161, 0], [0, 36.24397002098924, 3], [6, 10.357569685221161, 4]]], [16, 65.35993647863569, [[23, 60.42155416681138, 3], [3, 63.42956480958078, 3], [19, 63.42956480958078, 4], [5, 65.35993647863569, 3]]], [23, 62.92146947992195, [[14, 62.92146947992195, 2], [9, 62.92146947992195, 4], [2, 62.92146947992195, 3], [6, 60.941275572057016, 4]]]], "objective_f": 1445.0572119771582, "elapsed_time": 18.68698501586914, "problem_name": "mppm_1"}