{"assignments": [[14, 12.705902163326787, [[12, 12.705902163326787, 1], [7, 12.705902163326787, 0], [4, 12.705902163326787, 3], [6, 12.705902163326787, 3], [17, 12.705902163326787, 4], [22, 12.705902163326787, 3], [23, 12.705902163326787, 3]]], [18, 40.8921072504058, [[12, 40.8921072504058, 1], [24, 9.115728975203849, 1], [7, 40.8921072504058, 0], [4, 40.8921072504058, 0], [6, 40.8921072504058, 0], [17, 40.8921072504058, 4], [22, 40.8921072504058, 3], [23, 40.8921072504058, 3]]], [25, 7.62826785406279, [[11, 7.62826785406279, 5], [15, 7.62826785406279, 4], [2, 7.62826785406279, 5], [13, 7.62826785406279, 2], [0, 7.62826785406279, 5], [8, 7.62826785406279, 2]]], [23, 22.96224631249017, [[11, 22.187813456968474, 1], [15, 22.187813456968474, 1], [2, 22.187813456968474, 5], [5, 9.587003204479956, 3], [0, 22.187813456968474, 5]]], [1, 12.911194263482365, [[18, 12.911194263482365, 1], [1, 12.911194263482365, 1], [10, 12.911194263482365, 4], [21, 12.911194263482365, 0]]], [15, 44.03740722514763, [[11, 44.03740722514763, 1], [15, 44.03740722514763, 4], [5, 44.03740722514763, 3]]], [2, 30.337642852229763, [[13, 30.337642852229763, 2], [19, 7.831454083283641, 5], [14, 7.831454083283641, 5]]], [6, 31.573780284606233, [[18, 31.573780284606233, 1], [10, 31.573780284606233, 4], [8, 26.175257800599454, 2]]], [4, 36.78648832425032, [[2, 36.78648832425032, 5], [1, 30.81640505821764, 1], [0, 36.78648832425032, 5], [20, 11.76316883516709, 3]]], [12, 57.35059133624978, [[12, 56.288272455183865, 1], [7, 56.288272455183865, 0], [4, 56.288272455183865, 3], [17, 56.288272455183865, 4], [13, 57.35059133624978, 2]]], [24, 56.263500397395916, [[2, 54.663443584263185, 5], [10, 56.263500397395916, 4], [0, 54.663443584263185, 5], [8, 56.263500397395916, 2]]], [28, 58.21371818925634, [[24, 58.21371818925634, 1], [19, 56.92724114206674, 5], [14, 56.92724114206674, 5]]], [8, 53.844415365652964, [[6, 53.844415365652964, 3], [22, 53.844415365652964, 3], [23, 53.844415365652964, 3]]], [20, 29.9992913166869, [[21, 29.9992913166869, 0], [3, 10.298002203321651, 0], [9, 10.298002203321651, 1], [16, 10.298002203321651, 1]]]], "objective_f": 2095.601908981473, "elapsed_time": 17.187011003494263, "problem_name": "mppm_3"}