{"assignments": [[15, 14.466669904280119, [[24, 14.466669904280119, 5], [3, 14.466669904280119, 3], [15, 14.466669904280119, 3], [23, 14.466669904280119, 2], [4, 14.466669904280119, 2]]], [19, 41.721126768735445, [[8, 6.889640556308993, 0], [3, 39.462435992171976, 3], [15, 39.462435992171976, 3]]], [21, 39.37320360371304, [[12, 12.140456503594077, 1], [14, 12.140456503594077, 1], [1, 12.140456503594077, 0], [24, 39.37320360371304, 5], [23, 39.37320360371304, 2]]], [20, 5.138700575431974, [[0, 5.138700575431974, 0], [5, 5.138700575431974, 0], [10, 5.138700575431974, 0], [17, 5.138700575431974, 1], [16, 5.138700575431974, 1], [13, 5.138700575431974, 5], [2, 5.138700575431974, 3], [7, 5.138700575431974, 3]]], [22, 38.54136539600361, [[0, 32.25282077699991, 1], [2, 32.25282077699991, 3], [18, 11.297364311921207, 4]]], [14, 69.65607311804737, [[24, 63.10870034575551, 5], [3, 69.65607311804737, 3], [15, 69.65607311804737, 3], [2, 62.99598818318722, 3]]], [12, 38.98744797165648, [[5, 38.98744797165648, 0], [10, 38.98744797165648, 1], [17, 38.98744797165648, 1], [16, 38.98744797165648, 1], [13, 38.98744797165648, 1], [22, 12.220290326753704, 1], [21, 12.220290326753704, 5]]], [3, 34.2727981297394, [[7, 34.2727981297394, 3], [19, 10.823790227732042, 5], [9, 10.823790227732042, 3]]], [18, 63.48378317583216, [[12, 63.48378317583216, 1], [14, 63.48378317583216, 1], [13, 56.474489422695456, 5]]], [26, 59.58473017372745, [[5, 59.58473017372745, 0], [10, 59.58473017372745, 0], [17, 59.58473017372745, 0], [16, 59.58473017372745, 0], [22, 59.58473017372745, 1], [21, 59.58473017372745, 1], [7, 59.061834414190486, 3]]], [9, 38.42071925351425, [[6, 9.86534814072617, 4], [20, 9.86534814072617, 0], [4, 38.42071925351425, 2]]], [6, 65.47453325761153, [[23, 64.02360599083205, 2], [19, 60.64554432445126, 5], [4, 65.47453325761153, 2]]]], "objective_f": 1545.1571631338327, "elapsed_time": 16.65581703186035, "problem_name": "mppm_2"}