{"assignments": [[9, 10.162044990666883, [[18, 10.162044990666883, 0], [4, 10.162044990666883, 5], [0, 10.162044990666883, 1], [5, 10.162044990666883, 1], [2, 10.162044990666883, 3], [10, 10.162044990666883, 3], [24, 10.162044990666883, 2]]], [23, 42.42072676254415, [[18, 41.46445252816503, 1], [0, 41.46445252816503, 1], [2, 41.46445252816503, 3], [12, 7.100850423431162, 4], [10, 41.46445252816503, 3], [24, 41.46445252816503, 2]]], [14, 60.64650707213534, [[18, 60.64650707213534, 0], [4, 37.13327139438555, 0], [0, 60.64650707213534, 0], [12, 60.64650707213534, 4]]], [28, 63.91751625387653, [[5, 36.7998584353782, 1], [2, 63.91751625387653, 3], [1, 6.124615054681551, 5]]], [26, 8.013467888992107, [[20, 7.910755726502251, 0], [6, 7.910755726502251, 3], [23, 7.910755726502251, 2], [11, 7.910755726502251, 5], [9, 7.910755726502251, 4], [17, 7.910755726502251, 4]]], [5, 24.633545234619923, [[20, 24.633545234619923, 1], [16, 12.003072091534648, 1], [6, 24.633545234619923, 3]]], [20, 65.2668419450067, [[20, 49.18919230679424, 1], [16, 49.18919230679424, 1], [10, 65.2668419450067, 3], [24, 65.2668419450067, 2], [6, 49.18919230679424, 0], [22, 10.441851211939195, 0], [11, 27.781105757376032, 5]]], [4, 34.32192082963308, [[19, 13.440202982743786, 1], [3, 13.440202982743786, 3], [8, 13.440202982743786, 0], [14, 13.440202982743786, 3], [9, 32.609942547851304, 4]]], [10, 26.424657585041338, [[23, 26.424657585041338, 2], [13, 10.347539287254984, 1], [15, 10.347539287254984, 0], [21, 10.347539287254984, 1]]], [6, 59.79609274857316, [[19, 59.79609274857316, 1], [3, 59.79609274857316, 1], [8, 59.79609274857316, 1], [13, 50.47609832918654, 5], [14, 59.79609274857316, 3], [21, 50.47609832918654, 5]]], [15, 63.75975734270408, [[23, 50.09100873170674, 2], [15, 50.09100873170674, 0], [9, 63.75975734270408, 4], [7, 11.28979193967098, 3], [17, 26.92292901830016, 4]]]], "objective_f": 1606.6316650155081, "elapsed_time": 15.37456488609314, "problem_name": "mppm_7"}