{"assignments": [[21, 5.527320317037712, [[20, 5.526475472173656, 5], [12, 5.526475472173656, 5], [22, 5.526475472173656, 1], [10, 5.526475472173656, 3], [1, 5.526475472173656, 3], [2, 5.526475472173656, 2], [4, 5.526475472173656, 2]]], [6, 29.154707792380997, [[20, 29.154707792380997, 1], [11, 9.06968572202144, 4], [12, 29.154707792380997, 4], [22, 29.154707792380997, 1], [10, 29.154707792380997, 3], [19, 9.06968572202144, 5]]], [12, 54.69939861758749, [[11, 54.69939861758749, 4], [12, 54.69939861758749, 4], [10, 54.69939861758749, 3]]], [14, 50.90993733855925, [[20, 47.42700624218784, 5], [1, 30.436629388800867, 3], [2, 30.436629388800867, 2]]], [16, 52.04059840311298, [[22, 52.04059840311298, 1], [19, 52.04059840311298, 5], [15, 12.817237321637263, 5]]], [22, 29.86821853756268, [[23, 6.010705913637498, 1], [6, 6.010705913637498, 0], [4, 26.69080433881866, 4]]], [27, 52.305499756183025, [[23, 52.305499756183025, 3], [6, 52.305499756183025, 0], [0, 14.870782827349021, 0], [13, 14.870782827349021, 1], [18, 14.870782827349021, 1]]], [5, 28.973353708545837, [[17, 10.67814650056978, 0], [5, 10.67814650056978, 3], [3, 10.67814650056978, 1], [9, 10.67814650056978, 1], [24, 10.67814650056978, 1], [16, 10.67814650056978, 5]]], [13, 49.74637000787885, [[4, 49.74637000787885, 2], [17, 42.174494611491646, 0], [3, 42.174494611491646, 0]]], [9, 50.62107711773413, [[5, 50.62107711773413, 1], [9, 50.62107711773413, 1], [24, 50.62107711773413, 1], [14, 7.674105042883303, 1], [8, 7.674105042883303, 0], [7, 7.674105042883303, 0]]]], "objective_f": 1343.566966230794, "elapsed_time": 16.718319177627563, "problem_name": "mppm_4"}