{"assignments": [[4, 29.418572956481107, [[11, 8.39286195703892, 1], [10, 8.39286195703892, 3], [1, 8.39286195703892, 5], [6, 8.39286195703892, 5], [13, 8.39286195703892, 0], [8, 8.39286195703892, 4], [15, 8.39286195703892, 3]]], [23, 55.010540537499374, [[11, 55.010540537499374, 1], [10, 55.010540537499374, 3], [13, 55.010540537499374, 0], [8, 55.010540537499374, 4], [21, 11.31756437145558, 0]]], [6, 8.59186867204108, [[24, 8.59186867204108, 1], [5, 8.59186867204108, 0], [4, 8.59186867204108, 0], [22, 8.59186867204108, 0], [0, 8.59186867204108, 5], [20, 8.59186867204108, 2], [19, 8.59186867204108, 4]]], [5, 53.83798718260367, [[1, 53.83798718260367, 5], [6, 53.83798718260367, 1], [5, 36.07374328339603, 0], [20, 36.07374328339603, 2]]], [8, 33.11290728911396, [[24, 33.11290728911396, 1], [0, 33.11290728911396, 5], [19, 33.11290728911396, 4]]], [9, 20.52938838319052, [[12, 7.141538260274971, 5], [16, 7.141538260274971, 5], [2, 7.141538260274971, 4]]], [24, 42.209816430006896, [[17, 10.436068102723558, 1], [4, 33.67343048006032, 0], [22, 33.67343048006032, 1], [3, 10.436068102723558, 1], [12, 42.209816430006896, 5], [16, 42.209816430006896, 5], [2, 42.209816430006896, 4]]], [11, 12.912467141119706, [[18, 12.912467141119706, 1], [7, 12.912467141119706, 1], [9, 12.912467141119706, 3]]], [22, 63.78179587965168, [[15, 53.060688459110956, 3], [4, 63.78179587965168, 0], [22, 63.78179587965168, 0], [19, 50.54871119508094, 4]]], [28, 69.05727423132652, [[24, 51.74921511865775, 1], [0, 51.74921511865775, 5], [3, 69.05727423132652, 0], [2, 69.05727423132652, 4]]], [26, 35.00003409104692, [[18, 35.00003409104692, 1], [7, 35.00003409104692, 0], [9, 35.00003409104692, 2]]], [21, 65.13229216062359, [[18, 60.99495081467267, 0], [12, 65.13229216062359, 5], [9, 60.99495081467267, 2]]]], "objective_f": 1729.221700347099, "elapsed_time": 15.921471118927002, "problem_name": "mppm_8"}