{"assignments": [[22, 12.302540530205192, [[8, 6.217466349292776, 1], [16, 6.217466349292776, 5], [12, 6.217466349292776, 2], [6, 6.217466349292776, 2]]], [17, 30.38765860478911, [[0, 12.06407454206337, 0], [16, 30.38765860478911, 5], [12, 30.38765860478911, 2], [6, 30.38765860478911, 2]]], [28, 11.041905979041942, [[19, 11.041905979041942, 3], [20, 11.041905979041942, 5], [14, 11.041905979041942, 4], [23, 11.041905979041942, 5]]], [2, 7.371894210422122, [[17, 7.371894210422122, 1], [11, 7.371894210422122, 0], [22, 7.371894210422122, 1], [10, 7.371894210422122, 4]]], [7, 33.980401939216016, [[8, 32.460759998700055, 0], [19, 30.25813699320533, 3], [20, 30.25813699320533, 5], [14, 30.25813699320533, 4], [10, 33.980401939216016, 4]]], [3, 54.32033950885934, [[16, 50.04397106753757, 5], [12, 50.04397106753757, 2], [20, 54.32033950885934, 5]]], [24, 29.095148707698932, [[17, 29.095148707698932, 1], [11, 29.095148707698932, 0], [21, 13.60215911053174, 5], [2, 13.60215911053174, 5]]], [4, 53.43998433387411, [[0, 51.427993326572135, 3], [8, 53.43998433387411, 1], [6, 51.427993326572135, 2]]], [15, 32.91517434012974, [[22, 29.11468511127881, 3], [23, 32.91517434012974, 5], [5, 11.259696502408, 1]]], [20, 9.272984669664252, [[1, 6.00757196013287, 0], [24, 6.00757196013287, 3], [7, 6.00757196013287, 4]]], [1, 59.53095999096537, [[17, 59.53095999096537, 1], [19, 55.61845297603638, 1], [11, 59.53095999096537, 0], [22, 49.482000031327246, 1], [23, 49.482000031327246, 5], [5, 49.482000031327246, 0], [24, 29.27777896741056, 3]]], [18, 31.763385829739573, [[1, 31.763385829739573, 0], [9, 7.412183376448695, 1], [15, 7.412183376448695, 3], [7, 31.763385829739573, 4]]]], "objective_f": 25871.971585866115, "elapsed_time": 17.834702014923096, "problem_name": "mppp_7"}