{"assignments": [[9, 23.392447726254105, [[23, 9.544928575166505, 1], [5, 9.544928575166505, 1], [1, 9.544928575166505, 5], [14, 9.544928575166505, 4], [7, 9.544928575166505, 0], [24, 9.544928575166505, 0], [0, 9.544928575166505, 2]]], [11, 11.254535904579797, [[12, 11.254535904579797, 5], [6, 11.254535904579797, 0], [8, 11.254535904579797, 0], [2, 11.254535904579797, 4]]], [13, 55.445689135407385, [[23, 55.445689135407385, 1], [5, 55.445689135407385, 0], [1, 55.445689135407385, 5]]], [3, 58.86929687112268, [[10, 9.435549542731781, 1], [22, 9.435549542731781, 3], [7, 58.86929687112268, 0]]], [6, 5.716978262960414, [[15, 5.716978262960414, 3], [16, 5.716978262960414, 3], [19, 5.716978262960414, 5], [21, 5.716978262960414, 0], [4, 5.716978262960414, 2]]], [22, 36.14835900853467, [[17, 5.77621903569662, 1], [12, 36.14835900853467, 5], [15, 25.576224705076243, 3], [6, 36.14835900853467, 0]]], [5, 55.65708972199703, [[17, 54.662236360041156, 1], [15, 54.662236360041156, 3], [14, 55.65708972199703, 4], [24, 55.65708972199703, 0], [6, 54.662236360041156, 0], [0, 55.65708972199703, 2]]], [26, 30.058072857771585, [[11, 10.597538581334234, 1], [16, 29.9157658333211, 3], [19, 29.9157658333211, 5], [2, 30.058072857771585, 4]]], [2, 56.583072654495936, [[11, 56.583072654495936, 1], [12, 52.121691694183376, 5], [16, 56.583072654495936, 1], [8, 32.58318237815927, 3], [2, 56.583072654495936, 4]]], [25, 22.651923919263595, [[21, 22.651923919263595, 1], [4, 22.651923919263595, 3], [20, 14.310016229336057, 4], [9, 14.310016229336057, 0]]], [21, 58.804432816636826, [[19, 58.804432816636826, 1], [21, 47.76702358850781, 1], [18, 7.491630283117399, 1], [4, 47.76702358850781, 2]]], [10, 47.009306605150854, [[13, 8.610373907753402, 1], [20, 47.009306605150854, 1], [9, 47.009306605150854, 0], [3, 8.610373907753402, 1]]]], "objective_f": 29922.362574207014, "elapsed_time": 15.905817031860352, "problem_name": "mppp_2"}