{"assignments": [[16, 10.859700752095918, [[3, 7.742932081497994, 0], [17, 7.742932081497994, 1], [15, 7.742932081497994, 1], [4, 7.742932081497994, 3], [2, 7.742932081497994, 4], [22, 7.742932081497994, 2], [21, 7.742932081497994, 4], [14, 7.742932081497994, 3]]], [20, 36.4645017432684, [[17, 36.4645017432684, 5], [4, 36.4645017432684, 3], [2, 36.4645017432684, 4]]], [12, 13.358004079745884, [[7, 13.358004079745884, 0], [6, 13.358004079745884, 3], [8, 13.358004079745884, 2]]], [24, 53.79096374013349, [[3, 31.90839800697456, 0], [17, 53.79096374013349, 5], [22, 31.90839800697456, 2]]], [23, 38.38644607622494, [[15, 33.65561460006461, 1], [21, 33.65561460006461, 4], [8, 38.38644607622494, 2]]], [3, 57.14873436599922, [[7, 41.048005059611214, 0], [4, 53.60151094088598, 3], [8, 57.14873436599922, 2]]], [10, 19.105664337199684, [[10, 13.238357877169912, 0], [24, 13.238357877169912, 5], [16, 13.238357877169912, 5], [12, 13.238357877169912, 5]]], [25, 61.19547971823205, [[15, 61.19547971823205, 1], [10, 49.180791258486934, 0], [24, 49.180791258486934, 5], [20, 5.8957483939547375, 1], [2, 56.395017913548486, 4], [14, 29.90215245094937, 3], [6, 41.53860013425519, 3]]], [5, 51.15629970218042, [[1, 13.335901557062188, 1], [13, 13.335901557062188, 3], [16, 51.15629970218042, 5], [11, 13.335901557062188, 3]]], [21, 11.250913515887987, [[0, 11.250913515887987, 1], [19, 11.250913515887987, 4], [9, 11.250913515887987, 3]]], [6, 54.68473098370417, [[21, 54.68473098370417, 4], [19, 29.725855325462483, 4], [12, 46.12944653756796, 5], [9, 29.725855325462483, 3]]]], "objective_f": 24297.867565787034, "elapsed_time": 19.233803033828735, "problem_name": "mppp_4"}