{"assignments": [[4, 26.68223707524579, [[9, 13.328494849310017, 0], [3, 13.328494849310017, 4], [21, 13.328494849310017, 4], [1, 13.328494849310017, 5], [16, 13.328494849310017, 2]]], [1, 50.75723017844319, [[9, 50.75723017844319, 1], [8, 6.903862925198623, 1], [19, 6.903862925198623, 0], [13, 6.903862925198623, 3], [1, 50.75723017844319, 5], [18, 6.903862925198623, 5]]], [24, 66.00320025948513, [[9, 66.00320025948513, 1], [8, 66.00320025948513, 0], [13, 66.00320025948513, 3], [1, 66.00320025948513, 5]]], [18, 6.425412503942086, [[0, 6.425412503942086, 3], [11, 6.425412503942086, 3], [12, 6.425412503942086, 5], [10, 6.425412503942086, 2]]], [15, 27.40471010656237, [[0, 27.40471010656237, 3], [12, 27.40471010656237, 5], [4, 7.748997270595696, 5]]], [3, 58.1758666456398, [[17, 6.887357585532228, 1], [3, 58.1758666456398, 4], [0, 55.08051244748441, 3]]], [10, 51.31821992423454, [[21, 51.31821992423454, 4], [11, 29.943884977991445, 3], [16, 51.31821992423454, 2]]], [23, 14.00597388222155, [[24, 14.00597388222155, 3], [22, 14.00597388222155, 0], [7, 14.00597388222155, 0], [5, 14.00597388222155, 3]]], [20, 30.48939966921412, [[23, 13.026222056239751, 1], [24, 30.48939966921412, 3], [22, 30.48939966921412, 0], [7, 30.48939966921412, 4], [10, 29.791358298433472, 2], [5, 30.48939966921412, 3]]], [14, 8.65476214580499, [[14, 5.655571615909274, 1], [2, 5.655571615909274, 5], [6, 5.655571615909274, 3]]], [26, 57.00724898078104, [[23, 57.00724898078104, 1], [22, 57.00724898078104, 1], [10, 57.00724898078104, 2]]], [5, 54.87385050852323, [[24, 54.87385050852323, 3], [7, 54.87385050852323, 4], [12, 54.65531695504953, 0], [4, 54.65531695504953, 1], [5, 54.87385050852323, 3], [2, 37.06042303529675, 5]]]], "objective_f": 26807.218788498987, "elapsed_time": 17.98389196395874, "problem_name": "mppp_3"}