{"assignments": [[5, 50.77807149201525, [[23, 5.911590271796587, 0], [1, 5.911590271796587, 3], [4, 5.911590271796587, 5], [10, 5.911590271796587, 5]]], [15, 5.567725789885545, [[6, 5.567725789885545, 0], [13, 5.567725789885545, 0], [20, 5.567725789885545, 2], [17, 5.567725789885545, 3], [9, 5.567725789885545, 2]]], [6, 30.053572399138872, [[6, 26.43498240356677, 1], [20, 26.43498240356677, 2], [2, 10.83085389190234, 5]]], [10, 62.52317734784805, [[6, 62.52317734784805, 0], [13, 22.70817476152951, 0], [20, 62.52317734784805, 2], [17, 22.70817476152951, 3], [2, 62.52317734784805, 5]]], [22, 11.226497766172356, [[14, 8.695151122397727, 4], [7, 8.695151122397727, 0], [19, 8.695151122397727, 0], [8, 8.695151122397727, 0], [12, 8.695151122397727, 5], [3, 8.695151122397727, 5], [0, 8.695151122397727, 3]]], [25, 33.25910552020231, [[14, 33.25910552020231, 4], [16, 10.971490416545219, 1], [7, 33.25910552020231, 0], [19, 33.25910552020231, 0], [9, 25.6566858553491, 2], [5, 10.971490416545219, 4], [0, 33.25910552020231, 3], [15, 10.971490416545219, 3]]], [27, 66.42240102589918, [[14, 66.42240102589918, 1], [7, 66.42240102589918, 0], [9, 66.42240102589918, 2]]], [8, 36.2821770092722, [[8, 36.2821770092722, 0], [18, 7.704439237705828, 4], [12, 36.2821770092722, 5]]], [26, 35.39449995548647, [[21, 11.05779346990975, 1], [3, 35.39449995548647, 5], [24, 11.05779346990975, 3]]], [17, 64.61877917714865, [[21, 60.83547084179405, 1], [18, 64.61877917714865, 4], [12, 64.61877917714865, 5], [24, 60.83547084179405, 3], [11, 14.41834709739374, 3]]]], "objective_f": 28703.706480686575, "elapsed_time": 18.999484062194824, "problem_name": "mppp_8"}