{"assignments": [[5, 11.224281126878049, [[9, 5.172799725552605, 0], [16, 5.172799725552605, 1], [14, 5.172799725552605, 1], [11, 5.172799725552605, 0], [19, 5.172799725552605, 4], [5, 5.172799725552605, 4]]], [18, 8.90884671615132, [[22, 8.90884671615132, 3], [20, 8.90884671615132, 2], [8, 8.90884671615132, 5], [0, 8.90884671615132, 0], [2, 8.90884671615132, 0], [10, 8.90884671615132, 3]]], [22, 52.82327657264653, [[9, 40.29130079092319, 1], [16, 40.29130079092319, 1], [11, 40.29130079092319, 0], [22, 30.593865295453938, 3], [8, 30.593865295453938, 0], [19, 40.29130079092319, 4], [5, 40.29130079092319, 4], [10, 30.593865295453938, 3]]], [2, 42.45465641676338, [[14, 42.45465641676338, 1], [1, 5.472186664099691, 3], [24, 5.472186664099691, 3]]], [12, 72.41968052462121, [[9, 72.41968052462121, 0], [11, 72.41968052462121, 0], [22, 72.41968052462121, 3]]], [14, 32.97119065360987, [[20, 28.47674751600493, 2], [21, 8.568085154841555, 1], [0, 28.47674751600493, 0], [3, 8.568085154841555, 5], [2, 28.47674751600493, 0], [18, 8.568085154841555, 3]]], [9, 7.347014026122362, [[15, 5.246628283926059, 2], [13, 5.246628283926059, 5], [4, 5.246628283926059, 5], [6, 5.246628283926059, 4], [17, 5.246628283926059, 3]]], [28, 71.46394545053619, [[16, 71.46394545053619, 1], [20, 62.30790044857113, 2], [8, 71.46394545053619, 0], [19, 71.46394545053619, 4], [5, 71.46394545053619, 4], [10, 71.46394545053619, 3], [1, 70.56387017526096, 3]]], [24, 36.14134150672192, [[15, 26.24033136191161, 2], [7, 7.20681518477802, 0], [6, 26.24033136191161, 4], [17, 26.24033136191161, 3]]], [26, 63.478532405761605, [[14, 63.478532405761605, 1], [0, 61.96305119580479, 0], [3, 61.96305119580479, 5], [24, 63.478532405761605, 3], [18, 61.96305119580479, 3]]], [1, 32.97398844582377, [[13, 32.97398844582377, 5], [4, 32.97398844582377, 5], [12, 8.597706337323414, 1]]], [11, 55.81103994708172, [[21, 55.81103994708172, 1], [15, 52.051203831677924, 2], [13, 49.61801388769136, 5], [2, 55.81103994708172, 0], [7, 52.051203831677924, 0], [17, 52.051203831677924, 3]]]], "objective_f": 24726.32567391494, "elapsed_time": 16.046441793441772, "problem_name": "mppp_1"}