{"assignments": [[24, 13.48542214254542, [[10, 9.687516082064658, 1], [18, 9.687516082064658, 0], [6, 9.687516082064658, 0], [21, 9.687516082064658, 5], [23, 9.687516082064658, 4], [15, 9.687516082064658, 2], [13, 9.687516082064658, 2]]], [11, 38.787125996710515, [[10, 38.787125996710515, 5], [18, 38.787125996710515, 0], [16, 12.000832183696371, 1], [22, 12.000832183696371, 3], [6, 38.787125996710515, 0], [7, 12.000832183696371, 1], [23, 38.787125996710515, 4], [15, 38.787125996710515, 2]]], [1, 37.76295565075283, [[3, 11.282683276850399, 0], [5, 11.282683276850399, 1], [21, 37.76295565075283, 5], [9, 11.282683276850399, 1], [0, 11.282683276850399, 3], [13, 37.76295565075283, 2]]], [16, 60.55549413368913, [[10, 60.55549413368913, 5], [18, 60.55549413368913, 0], [6, 60.55549413368913, 0], [3, 59.041124436432696, 0], [15, 60.55549413368913, 2]]], [15, 63.91594652189916, [[16, 63.91594652189916, 1], [7, 63.91594652189916, 0], [21, 59.268956392759804, 5], [13, 59.268956392759804, 2]]], [27, 20.36349397639067, [[12, 9.390066991592175, 1], [8, 9.390066991592175, 0], [1, 9.390066991592175, 4]]], [21, 7.150069039876018, [[11, 6.013040054845201, 5], [17, 6.013040054845201, 0], [2, 6.013040054845201, 4]]], [14, 58.175532527942224, [[22, 58.175532527942224, 3], [5, 57.99738561758924, 0], [0, 57.99738561758924, 3]]], [2, 39.10082213701453, [[12, 39.10082213701453, 1], [8, 39.10082213701453, 1], [1, 39.10082213701453, 4], [19, 5.512359403082893, 3], [14, 5.512359403082893, 3], [2, 32.93892448901385, 4]]], [5, 69.72894575165662, [[8, 69.72894575165662, 0], [23, 65.56857138938717, 4], [19, 69.72894575165662, 3]]]], "objective_f": 22029.855821012556, "elapsed_time": 21.046304941177368, "problem_name": "mppp_9"}