{"assignments": [[13, 39.106779346779895, [[21, 7.810711706846456, 1], [7, 7.810711706846456, 0], [18, 7.810711706846456, 3], [24, 7.810711706846456, 4]]], [16, 19.2062879638313, [[2, 9.152152104039589, 3], [23, 9.152152104039589, 5], [14, 9.152152104039589, 4]]], [4, 10.43621008469802, [[16, 10.37863207250301, 1], [9, 10.37863207250301, 1], [4, 10.37863207250301, 5], [10, 10.37863207250301, 2], [11, 10.37863207250301, 5], [0, 10.37863207250301, 4], [5, 10.37863207250301, 2]]], [21, 8.30942860301468, [[13, 8.30942860301468, 1], [8, 8.30942860301468, 1], [22, 8.30942860301468, 0], [20, 8.30942860301468, 3], [15, 8.30942860301468, 3], [3, 8.30942860301468, 5]]], [1, 41.612835247634834, [[16, 41.612835247634834, 1], [9, 41.612835247634834, 1], [13, 37.017803401777314, 0], [4, 41.612835247634834, 5], [10, 41.612835247634834, 2], [20, 37.017803401777314, 3], [0, 41.612835247634834, 3]]], [7, 52.22672827268042, [[8, 34.784352680068366, 1], [2, 52.22672827268042, 3], [23, 52.22672827268042, 5], [11, 38.701198849245316, 5], [14, 52.22672827268042, 4], [5, 38.701198849245316, 2]]], [25, 39.2847492727225, [[22, 38.09992028787557, 0], [1, 8.651418349151234, 0], [3, 38.09992028787557, 5], [19, 8.651418349151234, 5]]], [15, 61.36115340495468, [[22, 61.36115340495468, 1], [1, 61.36115340495468, 0], [6, 12.84180727865834, 0], [3, 61.36115340495468, 5], [19, 61.36115340495468, 5]]], [18, 73.66847939230587, [[7, 69.1499827609564, 0], [18, 69.1499827609564, 3], [10, 73.66847939230587, 2]]]], "objective_f": 24921.990943125715, "elapsed_time": 18.140111923217773, "problem_name": "mppp_5"}