{"assignments": [[4, 6.270693029493033, [[1, 6.270693029493033, 3], [5, 6.270693029493033, 1], [2, 6.270693029493033, 2], [6, 6.270693029493033, 4], [7, 6.270693029493033, 4]]], [2, 24.838070863163235, [[1, 24.838070863163235, 4], [8, 5.461511538359511, 5], [2, 24.838070863163235, 2], [6, 24.838070863163235, 4]]], [17, 53.77472817081805, [[1, 43.18025942109752, 4], [5, 29.546248752114906, 1], [8, 43.18025942109752, 5]]], [9, 44.28729522916132, [[4, 13.737655752245242, 3], [3, 13.737655752245242, 0], [2, 44.28729522916132, 3], [19, 13.737655752245242, 3]]], [14, 43.11082487945736, [[23, 11.586048266425685, 1], [18, 11.586048266425685, 1], [6, 43.11082487945736, 4]]], [27, 20.695057327335277, [[16, 9.843547252617892, 5], [22, 9.843547252617892, 5], [12, 9.843547252617892, 0], [17, 9.843547252617892, 0], [0, 9.843547252617892, 0], [13, 9.843547252617892, 3], [11, 9.843547252617892, 5]]], [24, 70.85698886814282, [[4, 66.21030137598905, 3], [18, 70.85698886814282, 5], [16, 47.673786100054755, 5], [3, 66.21030137598905, 0], [12, 47.673786100054755, 0], [2, 66.21030137598905, 3], [19, 66.21030137598905, 3], [6, 70.85698886814282, 4]]], [28, 12.792813894190314, [[21, 12.792813894190314, 1], [15, 12.792813894190314, 0], [14, 12.792813894190314, 2]]], [25, 41.1797439028391, [[22, 40.9008620130329, 5], [14, 41.1797439028391, 2], [13, 40.9008620130329, 3], [7, 26.584726860373635, 4]]], [18, 61.102225220833404, [[21, 32.904314241406084, 1], [17, 44.71803697883867, 0], [0, 44.71803697883867, 0], [14, 61.102225220833404, 2], [13, 61.102225220833404, 3], [7, 61.102225220833404, 4]]]], "objective_f": 21619.475820065774, "elapsed_time": 15.968315839767456, "problem_name": "mppp_1"}