{"assignments": [[14, 10.549753064471528, [[9, 10.549753064471528, 1], [21, 10.549753064471528, 2], [12, 10.549753064471528, 3], [20, 10.549753064471528, 5]]], [3, 11.368029800780665, [[15, 11.368029800780665, 0], [4, 11.368029800780665, 1], [2, 11.368029800780665, 4], [1, 11.368029800780665, 4], [6, 11.368029800780665, 3], [18, 11.368029800780665, 1], [7, 11.368029800780665, 2]]], [4, 41.05496590820998, [[9, 41.05496590820998, 1], [15, 30.30252761732215, 0], [12, 41.05496590820998, 3], [2, 30.30252761732215, 4]]], [13, 34.98505676861732, [[22, 6.7322746759730805, 0], [1, 34.98505676861732, 4], [6, 34.98505676861732, 3]]], [12, 43.4146787858491, [[4, 37.43304093151768, 1], [21, 43.4146787858491, 2], [20, 43.4146787858491, 5], [18, 37.43304093151768, 0], [13, 8.541128756793952, 3], [5, 8.541128756793952, 5], [0, 8.541128756793952, 5]]], [18, 62.024043074993926, [[22, 62.024043074993926, 0], [4, 60.83218528487083, 0], [20, 60.83218528487083, 5], [6, 62.024043074993926, 3]]], [9, 33.198168023946984, [[16, 9.246244910180312, 1], [10, 9.246244910180312, 3], [7, 33.198168023946984, 2]]], [26, 6.479095160872896, [[17, 6.479095160872896, 0], [23, 6.479095160872896, 0], [14, 6.479095160872896, 0], [11, 6.479095160872896, 4]]], [2, 64.34753388779534, [[9, 64.34753388779534, 0], [12, 64.34753388779534, 3], [2, 64.34753388779534, 5]]], [8, 53.64561040301327, [[16, 53.64561040301327, 1], [17, 33.35533807285873, 1], [7, 53.64561040301327, 2]]], [11, 32.87086585435758, [[23, 32.87086585435758, 0], [3, 7.922965640083245, 3], [8, 7.922965640083245, 3]]], [23, 36.67322364807191, [[14, 36.67322364807191, 0], [11, 36.67322364807191, 4], [19, 6.711302410668999, 5]]], [10, 65.32144111612098, [[15, 62.91933317387251, 1], [21, 61.29854401745782, 1], [1, 65.32144111612098, 4], [13, 61.29854401745782, 3]]], [19, 66.46613035167852, [[18, 59.050910407767574, 0], [24, 11.855569512564426, 1], [10, 59.79080968049425, 3], [14, 66.46613035167852, 1], [5, 59.050910407767574, 5], [3, 64.52135941765998, 3], [11, 66.46613035167852, 4]]]], "objective_f": 34898.782579305436, "elapsed_time": 18.483884811401367, "problem_name": "mppp_6"}