{"assignments": [[14, 14.820868791106601, [[1, 12.692176862601315, 3], [3, 12.692176862601315, 2], [0, 12.692176862601315, 2], [10, 12.692176862601315, 4]]], [21, 36.8855015825858, [[8, 7.387406326399772, 1], [1, 36.8855015825858, 5], [10, 36.8855015825858, 4]]], [18, 38.35500003549443, [[11, 12.456840937399276, 1], [16, 12.456840937399276, 1], [4, 12.456840937399276, 3], [2, 12.456840937399276, 5], [5, 12.456840937399276, 5], [6, 12.456840937399276, 0], [3, 38.35500003549443, 2], [15, 12.456840937399276, 3]]], [17, 34.69214778480134, [[21, 7.711924092207867, 1], [0, 34.69214778480134, 2], [7, 7.711924092207867, 5], [9, 7.711924092207867, 0], [13, 7.711924092207867, 0], [12, 7.711924092207867, 4], [19, 7.711924092207867, 0], [17, 7.711924092207867, 3]]], [1, 60.869064038248055, [[1, 56.998211909373154, 5], [4, 60.869064038248055, 3], [5, 60.869064038248055, 0], [6, 60.869064038248055, 3], [10, 56.998211909373154, 4], [14, 11.763257814651606, 4], [18, 11.763257814651606, 0], [20, 11.763257814651606, 0]]], [10, 62.14970475921331, [[8, 53.086851040363754, 1], [11, 62.14970475921331, 1], [16, 62.14970475921331, 1], [15, 62.14970475921331, 3]]], [11, 65.36321638511792, [[21, 65.36321638511792, 1], [2, 61.8583209050223, 1], [3, 61.8583209050223, 5], [17, 65.36321638511792, 3], [23, 8.277062565107345, 3]]], [26, 60.987921200255045, [[0, 60.987921200255045, 2], [9, 60.987921200255045, 1], [12, 60.987921200255045, 4]]]], "objective_f": 949.1182912244835, "elapsed_time": 0.4843740463256836, "problem_name": "mpmm_1"}