{"assignments": [[18, 6.171718641247182, [[13, 6.171718641247182, 1], [18, 6.171718641247182, 1], [23, 6.171718641247182, 2], [24, 6.171718641247182, 4], [3, 6.171718641247182, 0], [1, 6.171718641247182, 3], [5, 6.171718641247182, 4], [19, 6.171718641247182, 4]]], [28, 27.908812796056996, [[23, 27.908812796056996, 2], [24, 27.908812796056996, 4], [3, 27.908812796056996, 2], [1, 27.908812796056996, 3], [2, 5.86314975288958, 0], [0, 5.86314975288958, 0], [4, 5.86314975288958, 5], [15, 5.86314975288958, 5]]], [10, 28.178790786058943, [[5, 28.178790786058943, 0], [6, 6.249919794157722, 3], [8, 6.249919794157722, 3], [19, 28.178790786058943, 4]]], [17, 47.724657753346285, [[24, 43.92845462943761, 4], [3, 43.92845462943761, 0], [1, 43.92845462943761, 3], [4, 43.92845462943761, 5], [5, 47.724657753346285, 4], [15, 43.92845462943761, 5]]], [14, 46.65710096170979, [[23, 45.67289044676848, 2], [2, 45.67289044676848, 0], [6, 46.65710096170979, 3], [8, 46.65710096170979, 3], [9, 7.33647892921049, 3], [11, 7.33647892921049, 3], [17, 7.33647892921049, 5], [19, 46.65710096170979, 4]]], [6, 71.46001054546781, [[23, 71.46001054546781, 2], [17, 71.46001054546781, 5], [20, 12.549378311433934, 5]]], [13, 63.28307889559098, [[13, 27.952851340093297, 1], [2, 63.28307889559098, 0], [6, 63.28307889559098, 3], [8, 63.28307889559098, 3], [9, 63.28307889559098, 3], [19, 63.28307889559098, 4]]], [25, 68.41564173473716, [[18, 34.472054049565074, 1], [0, 47.36504590807747, 1], [7, 10.505391829099725, 0], [11, 68.41564173473716, 3], [22, 10.505391829099725, 3]]]], "objective_f": 1045.3046733135438, "elapsed_time": 0.49997520446777344, "problem_name": "mpmm_9"}