{"assignments": [[28, 6.819637260485369, [[15, 6.475893145311915, 1], [0, 6.475893145311915, 2], [4, 6.475893145311915, 5], [5, 6.475893145311915, 5], [7, 6.475893145311915, 4], [14, 6.475893145311915, 4]]], [18, 24.544953852755974, [[15, 24.544953852755974, 1], [1, 13.513744392434377, 0], [21, 13.513744392434377, 1], [4, 24.544953852755974, 5], [5, 24.544953852755974, 5], [7, 24.544953852755974, 4], [14, 24.544953852755974, 4], [11, 13.513744392434377, 5]]], [14, 10.244856050159854, [[2, 10.244856050159854, 0], [16, 10.244856050159854, 5], [22, 10.244856050159854, 5]]], [11, 41.02427314660345, [[24, 13.948807461736301, 3], [1, 41.02427314660345, 3], [2, 33.30725581473155, 0], [4, 41.02427314660345, 5]]], [17, 29.016741948985565, [[0, 27.840065932785706, 2], [23, 10.344241343560979, 1], [3, 10.344241343560979, 1], [6, 10.344241343560979, 3], [13, 10.344241343560979, 3], [16, 29.016741948985565, 5]]], [12, 45.1670637107595, [[15, 45.1670637107595, 1], [5, 45.1670637107595, 5], [7, 45.1670637107595, 4], [8, 7.695684096840632, 0], [9, 7.695684096840632, 2]]], [20, 50.69577625533354, [[3, 50.69577625533354, 0], [14, 47.30124490667195, 4], [11, 47.30124490667195, 5], [20, 13.234839427487604, 4]]], [23, 58.319743553456206, [[24, 54.17283382790079, 3], [1, 54.17283382790079, 3], [0, 58.319743553456206, 2], [4, 54.17283382790079, 5]]], [24, 61.71647546696439, [[15, 61.71647546696439, 1], [21, 47.64928735370253, 1], [6, 51.25126771300755, 3]]], [26, 61.537520866026355, [[2, 61.537520866026355, 0], [5, 59.33041236193317, 5], [8, 59.33041236193317, 0], [9, 59.33041236193317, 2]]]], "objective_f": 1156.102283921352, "elapsed_time": 0.4843418598175049, "problem_name": "mpmm_7"}