{"assignments": [[17, 13.696450457663683, [[2, 13.696450457663683, 1], [4, 13.696450457663683, 3], [7, 13.696450457663683, 5], [10, 13.696450457663683, 2], [12, 13.696450457663683, 4], [13, 13.696450457663683, 4], [20, 13.696450457663683, 2]]], [9, 29.90752450518375, [[2, 29.90752450518375, 1], [7, 29.90752450518375, 5], [10, 29.90752450518375, 2], [12, 29.90752450518375, 4], [13, 29.90752450518375, 4]]], [27, 30.508744192095378, [[4, 30.508744192095378, 3], [6, 8.697959639461683, 5], [5, 8.697959639461683, 0], [8, 8.697959639461683, 0], [20, 30.508744192095378, 2]]], [4, 9.649558309150379, [[0, 9.649558309150379, 3], [17, 9.649558309150379, 5], [14, 9.649558309150379, 5], [22, 9.649558309150379, 4]]], [24, 37.899064309925166, [[0, 37.899064309925166, 3], [11, 13.821120811037174, 0], [9, 13.821120811037174, 0], [17, 37.899064309925166, 5], [16, 13.821120811037174, 3], [19, 13.821120811037174, 0]]], [21, 38.87860866131912, [[3, 13.238090662318493, 1], [14, 38.87860866131912, 5], [1, 13.238090662318493, 0]]], [23, 51.5420098866445, [[4, 51.5420098866445, 3], [6, 51.5420098866445, 0], [5, 51.5420098866445, 0], [18, 12.012288210695552, 3], [21, 12.012288210695552, 3]]], [20, 47.63509859957453, [[15, 7.444911258329245, 1], [8, 47.63509859957453, 0], [22, 37.20595550082281, 4]]], [11, 69.0289496804638, [[2, 65.18698156598894, 1], [3, 69.0289496804638, 1], [4, 66.53476536977213, 0], [7, 65.18698156598894, 5], [6, 66.53476536977213, 0], [10, 65.18698156598894, 2], [12, 65.18698156598894, 4], [17, 61.507244344627665, 5]]], [7, 54.533434259616314, [[23, 14.563817316963128, 1], [11, 54.533434259616314, 0], [20, 48.84036986860741, 2], [19, 54.533434259616314, 5]]], [2, 64.42791557642238, [[0, 57.46849403127664, 3], [13, 64.42791557642238, 4], [14, 63.16816048804995, 5]]]], "objective_f": 1645.9332020363415, "elapsed_time": 0.4843940734863281, "problem_name": "mpmm_4"}