{"assignments": [[3, 10.771792106094702, [[10, 10.771792106094702, 1], [8, 10.771792106094702, 4], [12, 10.771792106094702, 4], [17, 10.771792106094702, 4]]], [4, 32.51840102557319, [[10, 32.51840102557319, 1], [14, 11.16103176114295, 1], [0, 11.16103176114295, 5], [1, 11.16103176114295, 3], [2, 11.16103176114295, 3], [8, 32.51840102557319, 4], [12, 32.51840102557319, 4]]], [2, 6.116088223335874, [[16, 6.116088223335874, 1], [6, 6.116088223335874, 3], [11, 6.116088223335874, 3], [21, 6.116088223335874, 2], [22, 6.116088223335874, 2]]], [16, 26.181764897447955, [[16, 26.181764897447955, 1], [24, 13.167058961070007, 1], [4, 13.167058961070007, 0], [3, 13.167058961070007, 5], [6, 26.181764897447955, 3], [11, 26.181764897447955, 3], [13, 13.167058961070007, 3]]], [25, 13.389793328886071, [[5, 13.389793328886071, 1], [7, 13.389793328886071, 1], [9, 13.389793328886071, 5], [18, 13.389793328886071, 0], [15, 13.389793328886071, 0], [19, 13.389793328886071, 0], [20, 13.389793328886071, 3], [23, 13.389793328886071, 5]]], [23, 47.81353588876026, [[16, 47.81353588876026, 1], [24, 47.81353588876026, 1], [6, 47.81353588876026, 3], [17, 39.5753115090565, 4]]], [8, 39.85206503141134, [[5, 39.85206503141134, 1], [7, 39.85206503141134, 0], [20, 39.85206503141134, 3]]], [19, 55.525913742738666, [[10, 55.525913742738666, 1], [0, 55.525913742738666, 5], [8, 55.525913742738666, 4], [21, 21.99158557704136, 2], [22, 21.99158557704136, 2]]], [5, 53.30999130485143, [[4, 53.30999130485143, 1], [3, 53.30999130485143, 5], [11, 53.30999130485143, 3], [13, 53.30999130485143, 1], [18, 41.958067893005754, 1]]], [9, 65.68064684110983, [[14, 59.45794537185869, 1], [16, 65.68064684110983, 1], [24, 65.68064684110983, 1], [5, 64.62006928035379, 0], [12, 59.45794537185869, 4], [17, 65.68064684110983, 4]]]], "objective_f": 1424.8157764213554, "elapsed_time": 0.5000078678131104, "problem_name": "mpmm_5"}