{"assignments": [[24, 12.969247284475722, [[9, 12.969247284475722, 1], [23, 12.969247284475722, 2], [0, 12.969247284475722, 0]]], [17, 34.78326259539439, [[9, 34.78326259539439, 1], [19, 5.223895463365461, 1], [23, 34.78326259539439, 2], [0, 34.78326259539439, 3], [1, 5.223895463365461, 5], [2, 5.223895463365461, 0]]], [1, 13.379848791350778, [[24, 6.821006673308409, 4], [3, 6.821006673308409, 0], [5, 6.821006673308409, 4]]], [20, 37.300197502332836, [[24, 37.300197502332836, 4], [3, 37.300197502332836, 2], [5, 37.300197502332836, 4]]], [18, 19.781867697320767, [[6, 14.555420130939114, 0], [4, 14.555420130939114, 3], [10, 14.555420130939114, 3], [8, 14.555420130939114, 1], [16, 14.555420130939114, 4]]], [27, 47.54748742720572, [[6, 47.54748742720572, 1], [4, 47.54748742720572, 3], [10, 47.54748742720572, 1], [8, 47.54748742720572, 1], [13, 14.556995937646958, 0]]], [2, 22.673122743127777, [[7, 10.862759539248042, 5], [11, 10.862759539248042, 3], [12, 10.862759539248042, 1], [17, 10.862759539248042, 5], [15, 10.862759539248042, 1], [18, 10.862759539248042, 5]]], [25, 48.34590923896976, [[7, 47.14969435573669, 1], [11, 47.14969435573669, 3], [12, 47.14969435573669, 3], [17, 47.14969435573669, 5], [15, 47.14969435573669, 0], [18, 47.14969435573669, 5], [16, 48.34590923896976, 4]]], [26, 61.63824997587915, [[9, 57.5975211570165, 1], [24, 61.63824997587915, 4], [0, 57.5975211570165, 3], [2, 57.5975211570165, 0]]], [23, 75.09357871836141, [[19, 65.8875958729968, 1], [23, 65.8875958729968, 2], [1, 65.8875958729968, 5], [3, 64.0385520765201, 0], [6, 75.09357871836141, 0], [5, 64.0385520765201, 4]]]], "objective_f": 1484.2819204987939, "elapsed_time": 0.46874499320983887, "problem_name": "mpmm_1"}