{"assignments": [[22, 13.905044630208428, [[16, 13.905044630208428, 1], [21, 13.905044630208428, 1], [1, 13.905044630208428, 0], [2, 13.905044630208428, 4], [3, 13.905044630208428, 3], [5, 13.905044630208428, 2], [8, 13.905044630208428, 3], [10, 13.905044630208428, 2]]], [19, 37.05000472020062, [[16, 37.05000472020062, 1], [1, 37.05000472020062, 0], [2, 37.05000472020062, 4], [3, 37.05000472020062, 3], [7, 6.379524062422934, 5], [9, 6.379524062422934, 5], [11, 6.379524062422934, 4], [13, 6.379524062422934, 5]]], [5, 35.25117176953357, [[21, 35.25117176953357, 1], [22, 10.267491661155281, 1], [0, 10.267491661155281, 0], [4, 10.267491661155281, 0], [5, 35.25117176953357, 2], [8, 35.25117176953357, 3], [14, 10.267491661155281, 5], [17, 10.267491661155281, 5]]], [4, 32.25218828202727, [[10, 32.25218828202727, 2], [12, 9.546051144350123, 3], [15, 9.546051144350123, 3], [20, 9.546051144350123, 4]]], [16, 56.113989106028015, [[16, 56.113989106028015, 1], [1, 56.113989106028015, 0], [2, 56.113989106028015, 4], [7, 56.113989106028015, 5]]], [11, 56.52095463908447, [[21, 56.52095463908447, 1], [22, 56.52095463908447, 1], [24, 5.746130067352776, 1], [9, 56.35119418295514, 5], [11, 56.35119418295514, 4]]], [27, 59.906063030158165, [[0, 59.906063030158165, 0], [4, 59.906063030158165, 0], [5, 59.906063030158165, 1], [6, 11.071691317460628, 0], [8, 59.906063030158165, 3], [12, 54.308623653047206, 1], [14, 59.906063030158165, 5], [20, 54.308623653047206, 4]]], [8, 62.91296403911616, [[3, 62.91296403911616, 0], [10, 57.65452263465299, 0], [13, 62.91296403911616, 5], [15, 57.65452263465299, 1]]]], "objective_f": 1283.0063420102324, "elapsed_time": 0.4843471050262451, "problem_name": "mpmm_6"}