{"assignments": [[16, 11.17987953433069, [[24, 10.3644698047402, 0], [0, 10.3644698047402, 4], [6, 10.3644698047402, 4]]], [6, 35.8635971316607, [[18, 5.581530104355686, 1], [1, 5.581530104355686, 5], [0, 35.8635971316607, 4]]], [2, 11.193926282257202, [[20, 11.193926282257202, 1], [21, 11.193926282257202, 1], [3, 11.193926282257202, 2], [5, 11.193926282257202, 0], [2, 11.193926282257202, 5], [8, 11.193926282257202, 1], [7, 11.193926282257202, 1], [16, 11.193926282257202, 4]]], [27, 38.159388670493385, [[4, 7.615180161382974, 3], [6, 38.159388670493385, 4], [9, 7.615180161382974, 3], [14, 7.615180161382974, 5]]], [13, 53.26898839585046, [[24, 40.42308295563064, 0], [0, 53.26898839585046, 4], [5, 34.76401255250536, 0], [12, 8.967734050580699, 3]]], [15, 36.78841709590425, [[20, 36.78841709590425, 1], [2, 36.78841709590425, 5], [8, 36.78841709590425, 0], [7, 36.78841709590425, 0], [16, 36.78841709590425, 4], [15, 13.656085740595527, 3], [19, 13.656085740595527, 5]]], [4, 58.66170593985803, [[1, 58.66170593985803, 5], [3, 42.88521320202833, 2], [4, 58.13635709827131, 0]]], [3, 59.17970112203353, [[20, 59.17970112203353, 1], [21, 42.443872268513736, 1], [8, 59.17970112203353, 0]]], [8, 63.12045386279769, [[18, 63.12045386279769, 1], [6, 53.56363552728252, 4], [9, 53.56363552728252, 2], [13, 8.957480457688607, 1], [11, 8.957480457688607, 1], [10, 8.957480457688607, 0]]], [1, 71.51734877900769, [[24, 71.51734877900769, 0], [0, 71.51734877900769, 1], [5, 71.51734877900769, 0], [2, 60.223423859540375, 5], [7, 60.223423859540375, 0], [14, 61.71045566981871, 5], [12, 71.51734877900769, 1], [17, 14.338548437502022, 0]]], [17, 63.86375143582567, [[16, 63.86375143582567, 1], [15, 63.86375143582567, 3], [19, 63.86375143582567, 5], [23, 6.148902513819587, 0]]]], "objective_f": 1489.7046666926813, "elapsed_time": 0.4844021797180176, "problem_name": "mpmm_8"}