{"assignments": [[8, 13.541945113128836, [[16, 13.541945113128836, 1], [23, 13.541945113128836, 5], [24, 13.541945113128836, 0], [0, 13.541945113128836, 3], [3, 13.541945113128836, 5]]], [13, 7.468435615443569, [[4, 7.468435615443569, 0], [2, 7.468435615443569, 3], [5, 7.468435615443569, 3], [17, 7.468435615443569, 2], [19, 7.468435615443569, 2]]], [26, 43.296941514014875, [[23, 43.296941514014875, 5], [24, 43.296941514014875, 0], [4, 28.33762154177087, 0], [1, 7.403499074942191, 4]]], [18, 42.65970501485317, [[0, 42.65970501485317, 3], [2, 33.88189229850873, 3], [3, 42.65970501485317, 5], [7, 10.017265599396001, 5], [6, 10.017265599396001, 0], [5, 33.88189229850873, 3], [17, 33.88189229850873, 2], [15, 10.017265599396001, 3]]], [20, 28.736022585267516, [[11, 11.45452698158414, 0], [8, 11.45452698158414, 5], [19, 28.736022585267516, 2]]], [10, 5.148956921991571, [[21, 5.148956921991571, 1], [9, 5.148956921991571, 4], [10, 5.148956921991571, 4], [13, 5.148956921991571, 5], [14, 5.148956921991571, 0], [12, 5.148956921991571, 3]]], [4, 51.260396034088565, [[16, 36.16448627962695, 1], [11, 51.260396034088565, 0], [9, 28.815423543816856, 4], [8, 51.260396034088565, 5], [13, 28.815423543816856, 5], [19, 51.260396034088565, 2]]], [24, 35.59494475618751, [[21, 35.59494475618751, 1], [14, 35.59494475618751, 1], [12, 35.59494475618751, 3], [18, 10.890901852115682, 3]]], [11, 59.949470776091424, [[23, 59.949470776091424, 5], [1, 59.949470776091424, 4], [10, 26.49412643665356, 4]]], [17, 69.42881230677489, [[21, 65.77365240360592, 1], [24, 58.72667571213868, 0], [0, 69.42881230677489, 3], [2, 69.42881230677489, 3], [3, 69.42881230677489, 5], [7, 69.42881230677489, 5], [17, 69.42881230677489, 2]]], [12, 66.32499695586768, [[16, 66.32499695586768, 1], [5, 64.32913934538261, 3], [8, 66.32499695586768, 5]]]], "objective_f": 1336.0702665830268, "elapsed_time": 0.46874403953552246, "problem_name": "mpmm_2"}