{"assignments": [[1, 10.2363486009454, [[17, 10.2363486009454, 1], [22, 10.2363486009454, 5], [24, 10.2363486009454, 3], [0, 10.2363486009454, 0], [1, 10.2363486009454, 2]]], [6, 11.399865589060926, [[3, 11.399865589060926, 4], [9, 11.399865589060926, 3], [11, 11.399865589060926, 2]]], [26, 43.42885258606829, [[17, 43.42885258606829, 1], [22, 43.42885258606829, 5], [23, 5.88556464873506, 1], [24, 43.42885258606829, 3], [0, 43.42885258606829, 0], [1, 43.42885258606829, 2], [2, 5.88556464873506, 0], [5, 5.88556464873506, 0]]], [16, 31.695031079653564, [[3, 31.695031079653564, 1], [4, 12.790255977633759, 5], [6, 12.790255977633759, 1], [9, 31.695031079653564, 3], [8, 12.790255977633759, 0]]], [22, 30.082344698410893, [[7, 5.131474173294292, 1], [11, 30.082344698410893, 2], [13, 5.131474173294292, 0], [20, 5.131474173294292, 4], [21, 5.131474173294292, 4]]], [25, 50.4110686152612, [[12, 8.899481129389063, 5], [13, 50.4110686152612, 0], [20, 50.4110686152612, 4]]], [7, 60.26368660654086, [[17, 60.26368660654086, 1], [22, 60.26368660654086, 5], [24, 60.26368660654086, 3], [0, 60.26368660654086, 0], [1, 60.26368660654086, 2], [2, 60.26368660654086, 0], [3, 56.848927940463845, 4]]], [21, 66.02595322055218, [[4, 60.322138790081, 5], [5, 61.531074719817866, 0], [9, 60.322138790081, 3], [8, 60.322138790081, 5], [7, 58.167799898098224, 3], [20, 66.02595322055218, 4], [21, 58.167799898098224, 4]]], [14, 69.67331461134353, [[6, 56.599010704207785, 0], [11, 54.44934112737364, 2], [12, 69.67331461134353, 5], [13, 69.67331461134353, 0]]]], "objective_f": 1470.9828462925104, "elapsed_time": 0.46872496604919434, "problem_name": "mpmm_3"}