{"assignments": [[28, 11.205414062724433, [[1, 6.093429642841727, 3], [8, 6.093429642841727, 2], [18, 6.093429642841727, 2]]], [11, 36.13709923070158, [[21, 7.736382280583669, 1], [23, 7.736382280583669, 5], [2, 7.736382280583669, 5], [1, 36.13709923070158, 3]]], [1, 33.56205872585828, [[24, 12.922298751184286, 1], [8, 33.56205872585828, 2], [6, 12.922298751184286, 5]]], [23, 8.370457761096834, [[22, 8.195994510677185, 0], [3, 8.195994510677185, 0], [4, 8.195994510677185, 0], [11, 8.195994510677185, 3], [12, 8.195994510677185, 5], [14, 8.195994510677185, 3]]], [5, 39.03469020264443, [[0, 5.786450584564852, 1], [3, 39.03469020264443, 1], [11, 39.03469020264443, 3], [14, 39.03469020264443, 3]]], [18, 39.31612845077785, [[22, 39.31612845077785, 0], [4, 39.31612845077785, 1], [5, 7.802890476244264, 1], [7, 7.802890476244264, 4], [9, 7.802890476244264, 1], [10, 7.802890476244264, 4], [17, 7.802890476244264, 0], [13, 7.802890476244264, 3]]], [22, 55.866292710290544, [[21, 55.866292710290544, 1], [1, 55.866292710290544, 3], [18, 34.141223063253705, 2]]], [12, 59.39289895929848, [[24, 59.39289895929848, 1], [23, 53.429747675638126, 5], [22, 57.80151376242385, 0], [0, 56.34275622235244, 4], [7, 57.80151376242385, 4], [11, 56.34275622235244, 3], [14, 56.34275622235244, 3], [13, 57.80151376242385, 3]]], [25, 60.91424375330635, [[3, 58.71459566106814, 0], [4, 60.91424375330635, 0], [8, 55.87664468982258, 2]]], [26, 60.44198428910221, [[2, 60.44198428910221, 1], [6, 57.167117710884625, 0], [5, 53.041107700043135, 0], [10, 53.041107700043135, 4], [15, 8.116419258833739, 3], [19, 8.116419258833739, 3]]]], "objective_f": 20100.686163873084, "elapsed_time": 0.49999499320983887, "problem_name": "mpmp_7"}