{"assignments": [[14, 8.499375150642326, [[0, 8.499375150642326, 0], [23, 8.499375150642326, 0], [1, 8.499375150642326, 0], [3, 8.499375150642326, 5]]], [20, 7.736210130202867, [[11, 5.383269082928263, 1], [19, 5.383269082928263, 1], [4, 5.383269082928263, 3], [5, 5.383269082928263, 3], [14, 5.383269082928263, 4]]], [15, 40.76803344158964, [[0, 35.57163368167239, 0], [14, 40.76803344158964, 4], [16, 7.926613094919922, 2]]], [28, 41.03385225830928, [[11, 40.93722911504666, 1], [23, 41.03385225830928, 0], [1, 41.03385225830928, 0], [4, 40.93722911504666, 3], [3, 41.03385225830928, 5], [5, 40.93722911504666, 3], [10, 14.596571745835126, 5]]], [16, 36.97437956342678, [[19, 36.97437956342678, 1], [24, 14.085771952469795, 1], [2, 14.085771952469795, 0], [7, 14.085771952469795, 1], [13, 14.085771952469795, 5], [12, 14.085771952469795, 5]]], [11, 11.944951476795273, [[6, 11.944951476795273, 0], [8, 11.944951476795273, 3], [9, 11.944951476795273, 1], [15, 11.944951476795273, 3], [17, 11.944951476795273, 4], [21, 11.944951476795273, 2], [20, 11.944951476795273, 4], [22, 11.944951476795273, 5]]], [4, 42.904838167999, [[9, 42.904838167999, 1], [15, 42.904838167999, 1], [17, 42.904838167999, 4], [22, 42.904838167999, 5]]], [13, 62.00023433458447, [[6, 39.621338046184036, 0], [8, 39.621338046184036, 3], [9, 62.00023433458447, 1], [17, 62.00023433458447, 4], [21, 39.621338046184036, 2], [22, 62.00023433458447, 5]]], [9, 66.53960377297551, [[3, 66.53960377297551, 5], [14, 64.56031198252677, 4], [20, 41.57281998029335, 4]]], [5, 68.85437966703375, [[4, 68.85437966703375, 3], [10, 68.85437966703375, 5], [16, 65.69937901425489, 2]]]], "objective_f": 21940.892704964528, "elapsed_time": 0.5156221389770508, "problem_name": "mpmp_1"}