{"assignments": [[10, 12.530506864549638, [[11, 12.530506864549638, 1], [24, 12.530506864549638, 2], [5, 12.530506864549638, 4]]], [6, 8.962792229814633, [[21, 8.962792229814633, 1], [0, 8.962792229814633, 5], [2, 8.962792229814633, 0], [3, 8.962792229814633, 4], [8, 8.962792229814633, 5], [12, 8.962792229814633, 2]]], [26, 34.241083090567784, [[24, 34.241083090567784, 2], [0, 33.21661665797443, 5], [1, 7.72643618534773, 3], [7, 7.72643618534773, 3], [9, 7.72643618534773, 3], [12, 33.21661665797443, 2]]], [18, 36.689875786830136, [[11, 34.251136063671844, 1], [2, 36.689875786830136, 0], [8, 36.689875786830136, 5]]], [4, 33.925777869954516, [[6, 12.389184354317965, 0], [5, 29.351971597518045, 4], [3, 33.925777869954516, 4], [10, 12.389184354317965, 3], [13, 12.389184354317965, 3]]], [3, 12.990535495323723, [[14, 12.990535495323723, 5], [15, 12.990535495323723, 5], [22, 12.990535495323723, 4], [23, 12.990535495323723, 5]]], [2, 46.054873015973975, [[21, 29.0341925998189, 1], [4, 5.901670945839394, 0], [14, 46.054873015973975, 5], [16, 5.901670945839394, 0], [17, 5.901670945839394, 3]]], [14, 60.435098821474604, [[24, 59.8240238907039, 2], [0, 59.8240238907039, 0], [1, 59.8240238907039, 3], [5, 60.435098821474604, 4], [15, 42.884232717216506, 5], [23, 42.884232717216506, 5]]], [23, 60.234329089451435, [[2, 58.68250840467961, 0], [7, 60.234329089451435, 3], [8, 58.68250840467961, 5], [9, 60.234329089451435, 3]]], [20, 59.827118071229975, [[6, 59.827118071229975, 0], [3, 59.827118071229975, 0], [18, 6.220876316518527, 0]]]], "objective_f": 24429.74192546917, "elapsed_time": 0.5000081062316895, "problem_name": "mpmp_8"}