{"assignments": [[12, 14.355741002298426, [[13, 8.824970274924086, 1], [14, 8.824970274924086, 1], [19, 8.824970274924086, 1], [1, 8.824970274924086, 3], [4, 8.824970274924086, 3]]], [3, 35.74458703179268, [[13, 35.74458703179268, 1], [0, 5.5150648998950125, 2], [1, 35.74458703179268, 3], [5, 5.5150648998950125, 4], [20, 5.5150648998950125, 4], [23, 5.5150648998950125, 4]]], [20, 57.52978460539236, [[13, 57.52978460539236, 1], [14, 34.33280750659382, 1], [0, 57.52978460539236, 2], [1, 57.52978460539236, 0], [5, 57.52978460539236, 4], [6, 7.689651315285959, 5], [20, 57.52978460539236, 4], [23, 57.52978460539236, 4]]], [10, 37.93252632379276, [[19, 37.93252632379276, 1], [24, 10.28736477645453, 1], [2, 10.28736477645453, 0], [4, 37.93252632379276, 3], [8, 10.28736477645453, 3]]], [5, 59.464837378665045, [[19, 59.464837378665045, 1], [2, 59.464837378665045, 0], [3, 13.062166889585942, 0], [4, 59.464837378665045, 3], [11, 13.062166889585942, 2], [12, 13.062166889585942, 5], [16, 13.062166889585942, 5]]], [16, 60.73761965082419, [[24, 60.73761965082419, 1], [8, 60.73761965082419, 3], [18, 11.443484137967776, 5]]]], "objective_f": 12263.264989756512, "elapsed_time": 0.4687528610229492, "problem_name": "mpmp_1"}