{"assignments": [[15, 9.721686829142477, [[16, 9.721686829142477, 1], [0, 9.721686829142477, 0], [1, 9.721686829142477, 0], [3, 9.721686829142477, 0], [5, 9.721686829142477, 4], [6, 9.721686829142477, 0], [11, 9.721686829142477, 5], [13, 9.721686829142477, 2]]], [7, 5.868362726104141, [[7, 5.225525658250355, 0], [8, 5.225525658250355, 0], [10, 5.225525658250355, 4], [12, 5.225525658250355, 5], [14, 5.225525658250355, 5], [19, 5.225525658250355, 5], [22, 5.225525658250355, 2]]], [5, 29.652634985158294, [[2, 5.077071895862685, 3], [4, 5.077071895862685, 3], [7, 29.652634985158294, 3], [12, 29.652634985158294, 5]]], [18, 40.360979766805634, [[0, 40.360979766805634, 0], [5, 40.360979766805634, 4], [8, 34.17172139079507, 3]]], [8, 35.554222084393594, [[1, 35.554222084393594, 0], [10, 30.200096020474668, 4], [18, 14.45708264038223, 4]]], [9, 41.938685783537814, [[16, 41.938685783537814, 1], [3, 41.938685783537814, 5], [6, 41.938685783537814, 0], [13, 41.938685783537814, 2], [22, 33.19058311521771, 2]]], [17, 65.71756943106163, [[16, 65.71756943106163, 1], [0, 60.74682349603508, 0], [2, 60.13538207477747, 3], [13, 65.71756943106163, 2], [22, 65.71756943106163, 2]]]], "objective_f": 15595.305923677464, "elapsed_time": 0.4999969005584717, "problem_name": "mpmp_2"}