{"assignments": [[12, 12.045069816394289, [[1, 12.045069816394289, 0], [5, 12.045069816394289, 3], [8, 12.045069816394289, 5], [10, 12.045069816394289, 0]]], [7, 13.485177428699657, [[0, 13.485177428699657, 4], [12, 13.485177428699657, 0], [14, 13.485177428699657, 4], [17, 13.485177428699657, 5], [19, 13.485177428699657, 5]]], [26, 39.53286206852167, [[0, 39.53286206852167, 4], [1, 34.291153389409246, 0], [5, 34.291153389409246, 3], [9, 13.267591680336064, 2], [21, 13.267591680336064, 2]]], [4, 33.551879769687105, [[6, 7.801455171095084, 3], [8, 33.551879769687105, 5], [10, 33.551879769687105, 0], [11, 7.801455171095084, 3]]], [27, 37.33671468375885, [[7, 14.17136861285818, 1], [4, 14.17136861285818, 1], [2, 14.17136861285818, 1], [12, 37.33671468375885, 5], [13, 14.17136861285818, 3], [17, 37.33671468375885, 5]]], [2, 52.374033045160004, [[24, 9.496634996020259, 1], [0, 52.374033045160004, 4], [5, 52.374033045160004, 3], [8, 51.23206198599205, 5]]], [9, 37.24852119957103, [[14, 37.24852119957103, 4], [18, 8.925167522173009, 3], [19, 37.24852119957103, 3]]], [1, 65.66226617929087, [[7, 58.780033681709256, 1], [4, 58.780033681709256, 1], [14, 65.66226617929087, 4], [3, 7.529618525463102, 4]]], [22, 58.13773015056922, [[2, 58.13773015056922, 1], [16, 12.860129947373624, 1], [6, 55.19782262209067, 3], [9, 58.01075684677926, 2], [12, 58.13773015056922, 5], [11, 55.19782262209067, 3]]], [11, 69.33075429955738, [[24, 69.33075429955738, 1], [0, 69.33075429955738, 4], [1, 54.15213418597554, 0], [5, 69.33075429955738, 3], [8, 69.33075429955738, 1], [17, 58.78354687555975, 5], [19, 60.85523052779501, 5], [21, 54.15213418597554, 2]]]], "objective_f": 17217.36704415424, "elapsed_time": 0.5155940055847168, "problem_name": "mpmp_9"}