{"assignments": [[1, 6.886286614795062, [[18, 6.886286614795062, 1], [0, 6.886286614795062, 0], [1, 6.886286614795062, 3], [2, 6.886286614795062, 3], [3, 6.886286614795062, 4], [7, 6.886286614795062, 5], [9, 6.886286614795062, 5], [16, 6.886286614795062, 4]]], [6, 10.903626195051684, [[20, 10.903626195051684, 1], [4, 10.903626195051684, 3], [5, 10.903626195051684, 3], [10, 10.903626195051684, 2], [11, 10.903626195051684, 5], [17, 10.903626195051684, 5], [21, 10.903626195051684, 2]]], [22, 27.37719071237229, [[0, 27.37719071237229, 0], [3, 27.37719071237229, 4], [7, 27.37719071237229, 5], [9, 27.37719071237229, 5]]], [24, 31.6908251986165, [[1, 31.6908251986165, 3], [2, 31.6908251986165, 0], [6, 6.053591107859421, 0], [16, 31.6908251986165, 4], [19, 6.053591107859421, 4]]], [2, 45.943237310161386, [[3, 45.943237310161386, 4], [10, 43.429309411915376, 2], [21, 43.429309411915376, 2]]], [27, 53.817285803573, [[18, 35.41236670187555, 1], [1, 51.93160734186711, 3], [7, 53.817285803573, 5], [16, 51.93160734186711, 4]]], [10, 55.220653872098154, [[20, 37.79784578177101, 1], [0, 49.17720561525935, 1], [2, 55.220653872098154, 3], [9, 49.17720561525935, 5], [11, 37.79784578177101, 5], [19, 55.220653872098154, 4]]], [3, 40.44557116905095, [[4, 40.44557116905095, 3], [5, 40.44557116905095, 3], [17, 40.44557116905095, 5], [22, 6.97503066085112, 5]]], [25, 62.44341395409334, [[24, 8.03428403892599, 1], [23, 8.03428403892599, 1], [3, 62.44341395409334, 4], [4, 59.55444939444128, 3], [6, 49.08795814359907, 0], [8, 8.03428403892599, 0], [10, 62.44341395409334, 2]]], [15, 70.68779207662548, [[1, 70.68779207662548, 3], [7, 70.68779207662548, 5], [21, 66.94050678378943, 2]]], [23, 59.67698232034678, [[5, 59.67698232034678, 1], [12, 14.981813350184549, 1], [13, 14.981813350184549, 3], [15, 14.981813350184549, 3], [17, 59.67698232034678, 5], [22, 59.67698232034678, 5]]]], "objective_f": 13092.837473510772, "elapsed_time": 0.5000379085540771, "problem_name": "mpmp_4"}