{"assignments": [[17, 6.135607881433591, [[17, 6.135607881433591, 1], [23, 6.135607881433591, 0], [3, 6.135607881433591, 0], [7, 6.135607881433591, 2], [12, 6.135607881433591, 4], [20, 6.135607881433591, 4], [22, 6.135607881433591, 4]]], [19, 26.047075887402013, [[17, 26.047075887402013, 1], [23, 26.047075887402013, 0], [0, 14.224716332903803, 3], [1, 14.224716332903803, 3], [4, 14.224716332903803, 3], [8, 14.224716332903803, 5]]], [12, 46.79257298111042, [[17, 46.79257298111042, 1], [23, 46.79257298111042, 0], [18, 10.801528246741555, 1], [0, 46.79257298111042, 3], [7, 24.139539736449983, 2], [8, 46.79257298111042, 5]]], [1, 23.422095434137432, [[24, 6.284246434635805, 1], [3, 23.422095434137432, 3], [9, 6.284246434635805, 5], [12, 23.422095434137432, 4]]], [7, 41.19718420220056, [[24, 41.19718420220056, 1], [9, 41.19718420220056, 5], [10, 9.124714247665008, 5], [15, 9.124714247665008, 2]]], [20, 44.48815571125177, [[1, 44.48815571125177, 3], [4, 44.48815571125177, 3], [3, 42.1112342381894, 0], [12, 42.1112342381894, 4], [14, 7.773144498116183, 5]]], [4, 30.40689306055315, [[2, 8.331816015402879, 0], [20, 30.40689306055315, 4], [22, 30.40689306055315, 4]]], [14, 25.915827360956346, [[5, 14.801545493285612, 0], [6, 14.801545493285612, 1], [11, 14.801545493285612, 1], [13, 14.801545493285612, 1], [16, 14.801545493285612, 0], [19, 14.801545493285612, 0]]], [9, 51.85151507427234, [[2, 51.85151507427234, 0], [5, 48.85604171378226, 3], [6, 48.85604171378226, 1]]], [21, 53.93475306146591, [[11, 49.9125470463908, 0], [13, 49.9125470463908, 0], [16, 49.9125470463908, 0], [19, 49.9125470463908, 1], [21, 6.997241096067395, 5], [20, 53.93475306146591, 4]]], [25, 68.7459813509284, [[24, 68.7459813509284, 1], [3, 68.15703371814078, 0], [9, 68.7459813509284, 5], [10, 68.7459813509284, 5], [15, 68.7459813509284, 2], [14, 68.15703371814078, 5]]]], "objective_f": 24395.32732435274, "elapsed_time": 0.4843759536743164, "problem_name": "mpmp_6"}