{"assignments": [[7, 9.740558402868384, [[0, 9.740558402868384, 0], [7, 9.740558402868384, 0], [5, 9.740558402868384, 4], [8, 9.740558402868384, 3], [10, 9.740558402868384, 5], [20, 9.740558402868384, 4]]], [28, 29.810763727394388, [[2, 6.514875929285879, 1], [0, 29.810763727394388, 0], [7, 29.810763727394388, 5], [5, 29.810763727394388, 4], [8, 29.810763727394388, 3]]], [26, 9.13535023481784, [[6, 8.76546720590701, 0], [1, 8.76546720590701, 2], [11, 8.76546720590701, 0]]], [16, 40.381522818433346, [[6, 40.381522818433346, 0], [1, 40.381522818433346, 2], [10, 29.889450833205117, 5], [11, 40.381522818433346, 0], [12, 7.191492259131635, 3], [13, 7.191492259131635, 3], [14, 7.191492259131635, 0], [20, 29.889450833205117, 4]]], [2, 13.597847396205923, [[15, 5.421719450129723, 2], [23, 5.421719450129723, 5], [17, 5.421719450129723, 5], [19, 5.421719450129723, 3], [3, 5.421719450129723, 0], [24, 5.421719450129723, 0], [16, 5.421719450129723, 3]]], [25, 49.89339512412948, [[2, 49.89339512412948, 1], [21, 14.635780774469977, 1], [5, 49.89339512412948, 4], [15, 46.9923235564923, 2]]], [20, 49.7099466062592, [[9, 11.10962461296474, 1], [18, 11.10962461296474, 1], [7, 49.49045612614428, 5], [23, 49.7099466062592, 5], [22, 11.10962461296474, 4]]], [13, 45.64448481409641, [[4, 5.0663804063680455, 1], [0, 45.64448481409641, 0], [8, 45.64448481409641, 1]]], [1, 58.70339765775256, [[6, 58.70339765775256, 1], [1, 58.70339765775256, 2], [10, 58.70339765775256, 5], [11, 58.70339765775256, 0]]], [24, 67.82721038425471, [[2, 65.81984353584123, 1], [0, 60.2108991201051, 0], [7, 67.82721038425471, 5], [5, 65.81984353584123, 4], [8, 60.2108991201051, 3], [12, 61.95615818833144, 3], [20, 61.95615818833144, 4]]], [27, 73.67330046107153, [[21, 69.054168369246, 1], [13, 57.277710663252115, 3], [14, 57.277710663252115, 0], [23, 73.67330046107153, 5], [17, 46.06388292310472, 5], [22, 73.67330046107153, 4], [3, 46.06388292310472, 5]]]], "objective_f": 20285.530392532357, "elapsed_time": 0.48433995246887207, "problem_name": "mpmp_3"}