{"assignments": [[10, 10.10808828520754, [[20, 10.10808828520754, 1], [0, 10.10808828520754, 3], [5, 10.10808828520754, 2]]], [9, 13.531077478002976, [[22, 13.531077478002976, 1], [2, 13.531077478002976, 3], [3, 13.531077478002976, 4], [11, 13.531077478002976, 2], [12, 13.531077478002976, 4]]], [6, 36.764306319610085, [[0, 36.764306319610085, 5], [24, 14.299436124689569, 5], [1, 14.299436124689569, 0], [2, 35.577613458664366, 3], [3, 35.577613458664366, 4], [5, 36.764306319610085, 2], [6, 14.299436124689569, 3], [12, 35.577613458664366, 4]]], [3, 42.42362631337629, [[20, 39.87677810670202, 1], [4, 10.846157726133073, 0], [7, 10.846157726133073, 0], [8, 10.846157726133073, 5], [15, 10.846157726133073, 0], [11, 42.42362631337629, 2], [14, 10.846157726133073, 0]]], [16, 35.64149738301091, [[22, 35.64149738301091, 1], [10, 8.484835874255285, 3], [21, 8.484835874255285, 4]]], [24, 13.954476682575962, [[23, 13.954476682575962, 1], [9, 13.954476682575962, 1], [13, 13.954476682575962, 1], [16, 13.954476682575962, 0], [17, 13.954476682575962, 0], [18, 13.954476682575962, 1], [19, 13.954476682575962, 3]]], [13, 45.17715178511244, [[9, 45.17715178511244, 5], [13, 45.17715178511244, 3], [16, 45.17715178511244, 0], [17, 45.17715178511244, 0], [18, 45.17715178511244, 5]]], [20, 62.56609075609585, [[22, 58.71069107849373, 1], [0, 62.56609075609585, 5], [24, 62.56609075609585, 5], [2, 62.56609075609585, 3]]], [14, 55.251411303338024, [[23, 38.49288773694851, 1], [1, 55.251411303338024, 0], [5, 55.251411303338024, 2], [6, 55.251411303338024, 3], [10, 51.961056686348144, 3]]], [2, 70.52814073543982, [[4, 70.4645199135192, 0], [3, 63.12920664447752, 4], [8, 70.4645199135192, 5], [13, 70.52814073543982, 3]]]], "objective_f": 19083.932851026613, "elapsed_time": 0.49997591972351074, "problem_name": "mpmp_5"}