{"assignments": [[16, 14.118061907019568, [[3, 14.118061907019568, 3], [19, 14.118061907019568, 1], [2, 14.118061907019568, 3], [1, 14.118061907019568, 5], [7, 14.118061907019568, 3], [6, 14.118061907019568, 3]]], [11, 32.8121838202451, [[3, 32.8121838202451, 3], [0, 10.805719535767935, 0], [24, 10.805719535767935, 2], [2, 32.8121838202451, 3], [1, 32.8121838202451, 5], [7, 32.8121838202451, 3]]], [5, 30.566784351841946, [[19, 30.566784351841946, 1], [16, 12.003072091534648, 1], [6, 30.566784351841946, 3]]], [26, 8.013467888992107, [[23, 7.910755726502251, 2], [4, 7.910755726502251, 5], [8, 7.910755726502251, 0], [9, 7.910755726502251, 4], [10, 7.910755726502251, 3], [17, 7.910755726502251, 4]]], [9, 31.256703148208686, [[23, 31.256703148208686, 2], [4, 31.256703148208686, 5], [8, 31.256703148208686, 1], [11, 10.162044990666883, 1], [20, 10.162044990666883, 0], [10, 31.256703148208686, 3], [14, 10.162044990666883, 3]]], [10, 59.08536610489759, [[19, 51.05200796695093, 1], [16, 51.05200796695093, 1], [23, 59.08536610489759, 2], [6, 51.05200796695093, 0]]], [15, 57.94668566378874, [[3, 57.94668566378874, 3], [0, 57.94668566378874, 0], [24, 57.94668566378874, 2], [9, 26.92292901830016, 4], [17, 26.92292901830016, 4]]], [12, 57.34383953179119, [[4, 57.34383953179119, 5], [8, 57.34383953179119, 0], [11, 57.34383953179119, 1], [20, 57.34383953179119, 0], [10, 57.34383953179119, 3], [12, 6.477170963890185, 4]]], [28, 62.27063700330275, [[2, 62.27063700330275, 1], [1, 62.27063700330275, 5], [7, 62.27063700330275, 3]]], [6, 59.32707615759406, [[5, 7.724977131965506, 1], [13, 7.724977131965506, 5], [22, 7.724977131965506, 1], [14, 59.32707615759406, 3], [15, 7.724977131965506, 1], [21, 7.724977131965506, 5]]]], "objective_f": 1407.5432445325173, "elapsed_time": 0.4531219005584717, "problem_name": "mppm_7"}