{"assignments": [[12, 9.59678571246216, [[2, 6.401646831632783, 0], [23, 6.401646831632783, 5], [10, 6.401646831632783, 2]]], [25, 26.432121511458195, [[2, 26.432121511458195, 1], [23, 26.432121511458195, 5], [0, 11.411320660439708, 0], [22, 11.411320660439708, 5], [7, 11.411320660439708, 4], [10, 26.432121511458195, 2]]], [28, 10.098659625614307, [[20, 10.098659625614307, 1], [4, 10.098659625614307, 5], [5, 10.098659625614307, 0], [9, 10.098659625614307, 0], [11, 10.098659625614307, 0], [14, 10.098659625614307, 5], [17, 10.098659625614307, 4], [15, 10.098659625614307, 4]]], [5, 37.33997242881075, [[20, 37.33997242881075, 1], [4, 37.33997242881075, 5], [5, 37.33997242881075, 3], [19, 5.038373385476226, 2]]], [7, 49.745222062840455, [[2, 49.745222062840455, 1], [23, 49.745222062840455, 5], [0, 49.745222062840455, 1], [10, 49.745222062840455, 2]]], [17, 36.915572823094784, [[9, 36.915572823094784, 0], [14, 36.915572823094784, 5], [17, 36.915572823094784, 4], [15, 36.915572823094784, 4]]], [1, 14.4036790399934, [[24, 14.4036790399934, 1], [3, 14.4036790399934, 3], [8, 14.4036790399934, 3], [12, 14.4036790399934, 3], [13, 14.4036790399934, 3], [21, 14.4036790399934, 5]]], [2, 55.66771317024498, [[20, 55.66771317024498, 1], [22, 51.28107396335163, 5], [7, 51.28107396335163, 4], [19, 55.66771317024498, 2]]], [14, 53.93018466844763, [[24, 35.45750816347824, 1], [9, 53.93018466844763, 0], [14, 53.93018466844763, 5], [21, 35.45750816347824, 5]]], [19, 60.91534259880903, [[4, 60.91534259880903, 5], [5, 60.91534259880903, 3], [3, 33.945262212525826, 3], [11, 32.74521302247853, 0]]], [18, 70.08829936677508, [[2, 70.08829936677508, 0], [23, 70.08829936677508, 5], [0, 70.08829936677508, 0], [10, 70.08829936677508, 2], [8, 34.39690059734311, 3], [12, 34.39690059734311, 3]]]], "objective_f": 1441.996087690283, "elapsed_time": 0.468721866607666, "problem_name": "mppm_1"}