{"assignments": [[26, 9.391728317102327, [[24, 9.391728317102327, 1], [3, 9.391728317102327, 0], [23, 9.391728317102327, 3], [4, 9.391728317102327, 3], [10, 9.391728317102327, 4], [8, 9.391728317102327, 2], [13, 9.391728317102327, 2], [17, 9.391728317102327, 4]]], [6, 26.490558250092572, [[24, 26.490558250092572, 1], [10, 26.490558250092572, 4], [8, 26.490558250092572, 2]]], [2, 25.60210362753289, [[2, 7.831454083283641, 5], [0, 7.831454083283641, 5], [13, 25.60210362753289, 2]]], [14, 28.145277942988123, [[18, 12.705902163326787, 1], [3, 28.145277942988123, 0], [23, 28.145277942988123, 3], [4, 28.145277942988123, 3], [6, 12.705902163326787, 3], [5, 12.705902163326787, 3], [17, 28.145277942988123, 4]]], [1, 12.911194263482365, [[16, 12.911194263482365, 1], [1, 12.911194263482365, 0], [7, 12.911194263482365, 1], [15, 12.911194263482365, 4]]], [20, 45.36694507319759, [[16, 29.9992913166869, 1], [2, 45.36694507319759, 0], [0, 45.36694507319759, 0], [1, 29.9992913166869, 1]]], [15, 38.62125411797007, [[7, 38.62125411797007, 1], [22, 12.293721399998404, 3], [15, 38.62125411797007, 4]]], [8, 54.66011560468377, [[23, 54.66011560468377, 3], [4, 54.66011560468377, 3], [6, 54.66011560468377, 3]]], [4, 13.294158169244367, [[9, 11.76316883516709, 1], [14, 11.76316883516709, 5], [19, 11.76316883516709, 5], [20, 11.76316883516709, 3]]], [23, 31.42643113014774, [[9, 31.42643113014774, 1], [14, 31.42643113014774, 1], [19, 31.42643113014774, 5], [11, 9.587003204479956, 5], [20, 31.42643113014774, 3]]], [7, 57.315680393304376, [[18, 57.315680393304376, 1], [5, 57.315680393304376, 3], [17, 57.315680393304376, 4], [20, 48.445975367257205, 3]]], [24, 51.18027836288225, [[10, 51.18027836288225, 4], [14, 47.23837147520452, 5], [19, 47.23837147520452, 5], [8, 51.18027836288225, 2]]], [27, 70.42647085401943, [[2, 64.92725820085151, 5], [8, 70.42647085401943, 2], [22, 67.49070069816749, 3]]]], "objective_f": 1842.062996214352, "elapsed_time": 0.48436784744262695, "problem_name": "mppm_3"}