{"assignments": [[21, 5.527320317037712, [[18, 5.526475472173656, 1], [1, 5.526475472173656, 3], [5, 5.526475472173656, 3], [2, 5.526475472173656, 2], [4, 5.526475472173656, 2], [12, 5.526475472173656, 5], [16, 5.526475472173656, 5]]], [28, 32.67999947377881, [[18, 32.67999947377881, 1], [22, 11.2664377904096, 1], [24, 11.2664377904096, 1], [1, 32.67999947377881, 0], [0, 11.2664377904096, 0], [3, 11.2664377904096, 0], [2, 32.67999947377881, 2], [4, 32.67999947377881, 2]]], [6, 29.154707792380997, [[21, 9.06968572202144, 1], [5, 29.154707792380997, 1], [9, 9.06968572202144, 3], [12, 29.154707792380997, 4], [11, 9.06968572202144, 4], [16, 29.154707792380997, 5]]], [9, 15.195812616244421, [[8, 7.674105042883303, 0], [7, 7.674105042883303, 0], [6, 7.674105042883303, 1], [10, 7.674105042883303, 1], [13, 7.674105042883303, 1], [17, 7.674105042883303, 1]]], [7, 54.22520410009804, [[18, 54.22520410009804, 1], [22, 54.22520410009804, 1], [1, 54.22520410009804, 0], [0, 54.22520410009804, 0], [5, 47.01591583830816, 3], [2, 54.22520410009804, 2], [4, 54.22520410009804, 4], [12, 47.01591583830816, 5]]], [5, 54.81422818135456, [[24, 54.81422818135456, 1], [21, 47.66423091386051, 1], [3, 54.81422818135456, 0], [9, 47.66423091386051, 1], [7, 40.080298875275275, 3], [16, 47.66423091386051, 5]]], [22, 55.99954364004928, [[8, 35.75581421760691, 0], [6, 35.75581421760691, 1], [11, 55.99954364004928, 4]]], [8, 38.74582660403853, [[10, 38.74582660403853, 1], [13, 38.74582660403853, 0], [15, 9.775285793305923, 5], [19, 9.775285793305923, 5]]], [27, 56.33447019127097, [[10, 56.33447019127097, 3], [13, 56.33447019127097, 0], [17, 39.815712429249004, 0], [14, 14.870782827349021, 1], [15, 56.33447019127097, 1]]]], "objective_f": 1040.5930158789647, "elapsed_time": 0.4843559265136719, "problem_name": "mppm_4"}