{"assignments": [[11, 12.912467141119706, [[24, 12.912467141119706, 1], [1, 12.912467141119706, 3], [4, 12.912467141119706, 1]]], [26, 35.00003409104692, [[24, 35.00003409104692, 1], [4, 35.00003409104692, 0], [9, 5.073797140384294, 2]]], [18, 35.24102449003944, [[1, 35.24102449003944, 5], [17, 14.312469657904485, 1], [5, 14.312469657904485, 0], [6, 14.312469657904485, 5], [20, 14.312469657904485, 2]]], [12, 14.026494466408545, [[14, 14.026494466408545, 1], [2, 14.026494466408545, 4], [8, 14.026494466408545, 3], [19, 14.026494466408545, 4]]], [9, 37.89535698823717, [[2, 37.89535698823717, 4], [0, 7.141538260274971, 5], [12, 7.141538260274971, 5]]], [8, 54.85288067449574, [[1, 54.85288067449574, 5], [17, 54.85288067449574, 1], [8, 34.3156099179279, 4]]], [16, 40.15593164873046, [[14, 40.15593164873046, 1], [23, 8.713219811731378, 0], [3, 8.713219811731378, 0], [11, 8.713219811731378, 3], [19, 40.15593164873046, 4]]], [4, 58.59021839022609, [[5, 55.81858306172659, 1], [23, 58.59021839022609, 0], [6, 55.81858306172659, 5], [11, 58.59021839022609, 3], [10, 8.39286195703892, 3], [16, 8.39286195703892, 5], [19, 58.59021839022609, 4]]], [21, 68.67624854286767, [[1, 68.67624854286767, 5], [4, 60.99495081467267, 0], [9, 60.99495081467267, 2]]], [28, 64.55403801505307, [[24, 58.91153836662744, 1], [2, 59.48939856469806, 4], [3, 64.55403801505307, 0], [0, 59.48939856469806, 5]]]], "objective_f": 1148.3356998041477, "elapsed_time": 0.4843740463256836, "problem_name": "mppm_8"}