{"assignments": [[3, 14.3166933354009, [[0, 14.3166933354009, 5], [24, 14.3166933354009, 2], [5, 14.3166933354009, 4], [7, 14.3166933354009, 0]]], [20, 11.666279268083162, [[2, 11.666279268083162, 3], [6, 11.666279268083162, 0], [4, 11.666279268083162, 0], [18, 11.666279268083162, 2]]], [18, 39.13102010417948, [[15, 8.38919591619442, 1], [17, 8.38919591619442, 1], [0, 39.13102010417948, 5], [2, 38.53100278270525, 5], [24, 39.13102010417948, 2], [5, 39.13102010417948, 4], [18, 38.53100278270525, 2]]], [14, 14.636009273215459, [[3, 14.636009273215459, 3], [19, 14.636009273215459, 1], [8, 14.636009273215459, 3], [10, 14.636009273215459, 4], [13, 14.636009273215459, 5], [14, 14.636009273215459, 5]]], [15, 39.925469250592215, [[3, 39.925469250592215, 1], [19, 39.925469250592215, 1], [7, 33.85181834089865, 1], [13, 39.925469250592215, 5]]], [24, 42.86916528092557, [[6, 42.86916528092557, 0], [4, 42.86916528092557, 1], [10, 40.524487393152974, 4], [12, 8.0971893533615, 4], [14, 40.524487393152974, 5]]], [6, 64.83562984697424, [[15, 64.83562984697424, 1], [17, 64.83562984697424, 1], [2, 64.83562984697424, 3], [3, 63.64144879637821, 3]]], [12, 60.71548956985861, [[0, 60.71548956985861, 0], [19, 60.00288349088419, 1], [5, 60.71548956985861, 4], [8, 40.87301430864612, 3], [13, 60.00288349088419, 5]]], [11, 67.52882059941504, [[24, 67.52882059941504, 2], [7, 58.815938221837854, 1], [11, 6.772321463180475, 3], [1, 6.772321463180475, 3], [18, 67.52882059941504, 2], [23, 6.772321463180475, 3]]]], "objective_f": 1128.897636859614, "elapsed_time": 0.4531240463256836, "problem_name": "mppm_6"}