{"assignments": [[9, 8.350472595585115, [[0, 8.350472595585115, 2], [24, 8.350472595585115, 5], [1, 8.350472595585115, 0], [2, 8.350472595585115, 5]]], [20, 40.302745599741236, [[0, 29.257754690191707, 2], [24, 29.257754690191707, 5], [1, 29.257754690191707, 0], [18, 12.385747754020752, 1], [6, 12.385747754020752, 1], [21, 12.385747754020752, 1], [2, 29.257754690191707, 3]]], [1, 12.081867756278747, [[23, 12.081867756278747, 1], [7, 12.081867756278747, 3], [5, 12.081867756278747, 1], [4, 12.081867756278747, 4], [9, 12.081867756278747, 4], [11, 12.081867756278747, 5], [20, 12.081867756278747, 5]]], [6, 14.748162156667918, [[8, 14.748162156667918, 2], [12, 14.748162156667918, 4], [16, 14.748162156667918, 0], [17, 14.748162156667918, 5]]], [7, 39.42576540196045, [[7, 39.42576540196045, 3], [4, 39.42576540196045, 4], [8, 27.966104410299867, 2]]], [23, 65.88865665088386, [[0, 65.88865665088386, 1], [24, 65.88865665088386, 5], [1, 65.88865665088386, 3], [6, 65.88865665088386, 0], [2, 65.88865665088386, 3], [4, 62.50212955632236, 4]]], [19, 68.68328807233374, [[18, 68.68328807233374, 1], [21, 68.68328807233374, 1], [7, 59.10076963251997, 3], [5, 39.99209858363905, 0], [3, 14.029601888357028, 3], [8, 59.10076963251997, 0]]], [2, 38.45256876409931, [[23, 38.45256876409931, 1], [9, 38.45256876409931, 4], [12, 37.06863002697082, 4], [15, 9.79736069372617, 3], [11, 38.45256876409931, 5], [20, 38.45256876409931, 5]]], [28, 63.472417108190726, [[23, 63.472417108190726, 1], [9, 63.472417108190726, 4], [12, 63.472417108190726, 4], [16, 27.597281651119104, 0], [15, 63.472417108190726, 3], [11, 63.472417108190726, 5]]], [12, 64.24772660073832, [[14, 8.542872988273835, 0], [20, 64.24772660073832, 5], [22, 8.542872988273835, 3]]]], "objective_f": 1280.0353581388865, "elapsed_time": 0.46869707107543945, "problem_name": "mppm_9"}