{"assignments": [[20, 6.086659377085553, [[19, 6.086659377085553, 1], [2, 6.086659377085553, 5], [0, 6.086659377085553, 5]]], [10, 6.06750068737048, [[22, 6.06750068737048, 1], [9, 6.06750068737048, 1], [4, 6.06750068737048, 4], [7, 6.06750068737048, 2], [18, 6.06750068737048, 5], [14, 6.06750068737048, 5]]], [15, 26.801422045008703, [[2, 26.230822806841225, 4], [1, 13.969539590026917, 0], [8, 13.969539590026917, 0], [7, 26.801422045008703, 2], [24, 13.969539590026917, 2]]], [24, 31.67936919713377, [[19, 31.67936919713377, 1], [22, 28.912164271289065, 1], [5, 6.690728349894667, 3]]], [1, 40.84977405019338, [[2, 40.84977405019338, 4], [1, 40.84977405019338, 0], [0, 29.56023134433954, 5], [3, 10.049064184857786, 3], [7, 40.84977405019338, 2], [18, 26.90709966030675, 5]]], [19, 42.71631490458806, [[9, 28.186743864321244, 1], [8, 42.71631490458806, 0], [6, 9.748363146181685, 3], [4, 28.186743864321244, 4], [10, 9.748363146181685, 3], [11, 9.748363146181685, 4], [14, 28.186743864321244, 5], [24, 42.71631490458806, 2]]], [3, 27.75127160207417, [[13, 12.238985660730872, 0], [15, 12.238985660730872, 5], [20, 12.238985660730872, 0]]], [9, 67.60394835156062, [[19, 51.497355680861304, 1], [22, 51.497355680861304, 1], [2, 67.60394835156062, 4], [1, 67.60394835156062, 0], [0, 67.60394835156062, 5], [7, 67.60394835156062, 2], [18, 67.60394835156062, 5]]], [4, 71.12187253021246, [[5, 54.43163648394623, 3], [3, 71.12187253021246, 3], [6, 69.97303963017038, 3], [4, 69.97303963017038, 4], [11, 69.97303963017038, 4], [14, 69.97303963017038, 5], [24, 69.97303963017038, 2]]]], "objective_f": 1166.7489989620117, "elapsed_time": 0.49998998641967773, "problem_name": "mppm_5"}