{"assignments": [[27, 9.596782143261288, [[23, 9.136120873671725, 3], [21, 9.136120873671725, 1], [1, 9.136120873671725, 0], [5, 9.136120873671725, 5], [14, 9.136120873671725, 2]]], [28, 25.083488925003685, [[23, 25.083488925003685, 3], [1, 25.083488925003685, 0], [9, 10.357569685221161, 4]]], [20, 31.422487834415602, [[3, 11.042721865257574, 3], [5, 31.422487834415602, 5], [4, 11.042721865257574, 0], [7, 11.042721865257574, 0], [14, 31.422487834415602, 2], [6, 11.042721865257574, 4]]], [3, 24.34773959681177, [[21, 24.34773959681177, 1], [2, 7.417284455565877, 3], [0, 7.417284455565877, 5], [15, 7.417284455565877, 0], [18, 7.417284455565877, 2]]], [25, 50.0774494776083, [[9, 50.0774494776083, 4], [14, 48.959219395034154, 2], [18, 48.991475172514036, 2]]], [19, 11.736281104996674, [[24, 11.736281104996674, 1], [8, 11.736281104996674, 5], [12, 11.736281104996674, 5], [19, 11.736281104996674, 4], [17, 11.736281104996674, 5]]], [15, 41.471753344407375, [[8, 41.471753344407375, 5], [10, 7.600860776090408, 3], [12, 41.471753344407375, 5]]], [4, 51.3994661874497, [[23, 43.00100830667577, 3], [21, 51.3994661874497, 1], [1, 43.00100830667577, 0], [5, 48.79983333884725, 5], [6, 48.79983333884725, 4]]], [16, 69.7771898760306, [[23, 66.02919765818324, 3], [3, 51.72285449990432, 3], [9, 69.7771898760306, 4], [5, 66.02919765818324, 3]]], [22, 68.56898536695613, [[1, 65.76163685457922, 0], [2, 48.71810286056566, 3], [0, 48.71810286056566, 5], [4, 58.496293435060934, 0], [10, 68.56898536695613, 3]]]], "objective_f": 1284.173327203662, "elapsed_time": 0.48436808586120605, "problem_name": "mppm_1"}