{"assignments": [[12, 12.635423329668921, [[24, 12.220290326753704, 5], [14, 12.220290326753704, 1], [12, 12.220290326753704, 1], [0, 12.220290326753704, 1], [2, 12.220290326753704, 1], [1, 12.220290326753704, 1], [5, 12.220290326753704, 0]]], [3, 32.59866696425193, [[24, 32.59866696425193, 5], [2, 32.59866696425193, 3], [3, 10.823790227732042, 3]]], [20, 5.138700575431974, [[4, 5.138700575431974, 3], [7, 5.138700575431974, 1], [6, 5.138700575431974, 1], [20, 5.138700575431974, 0], [15, 5.138700575431974, 3], [8, 5.138700575431974, 0], [10, 5.138700575431974, 0], [19, 5.138700575431974, 5]]], [7, 36.81316194639368, [[23, 6.583606405116437, 2], [4, 36.81316194639368, 2], [19, 36.81316194639368, 5]]], [17, 62.190030232535634, [[24, 59.697178768924296, 5], [23, 62.190030232535634, 2], [2, 59.697178768924296, 3]]], [26, 57.38770324870302, [[14, 33.23270553173989, 1], [12, 33.23270553173989, 1], [0, 33.23270553173989, 0], [3, 57.38770324870302, 3], [1, 33.23270553173989, 0], [5, 33.23270553173989, 0], [20, 36.18593522527116, 0]]], [23, 30.68040324952485, [[7, 30.68040324952485, 3], [6, 30.68040324952485, 4], [15, 30.68040324952485, 3], [8, 30.68040324952485, 1], [10, 30.68040324952485, 0], [9, 6.295988388931658, 4], [18, 6.295988388931658, 4]]], [22, 62.52384430179042, [[4, 62.52384430179042, 3], [7, 53.074584824803004, 1], [6, 53.074584824803004, 4]]], [19, 56.83168075895789, [[15, 56.83168075895789, 3], [8, 56.83168075895789, 0], [9, 56.83168075895789, 3]]], [18, 59.679884781760265, [[10, 53.28625989891884, 1], [19, 59.679884781760265, 5], [13, 8.085136030981467, 1]]]], "objective_f": 1207.302403017327, "elapsed_time": 0.43752121925354004, "problem_name": "mppm_2"}