{"assignments": [[21, 8.30942860301468, [[1, 8.30942860301468, 1], [16, 8.30942860301468, 1], [2, 8.30942860301468, 3], [0, 8.30942860301468, 3], [3, 8.30942860301468, 5], [7, 8.30942860301468, 0]]], [1, 37.017803401777314, [[1, 37.017803401777314, 1], [16, 37.017803401777314, 1], [2, 37.017803401777314, 3], [0, 37.017803401777314, 3], [5, 10.590038507689162, 2], [3, 37.017803401777314, 5], [7, 37.017803401777314, 0]]], [22, 13.211493259785632, [[6, 6.368172682410443, 0], [4, 6.368172682410443, 5], [10, 6.368172682410443, 2]]], [11, 7.935266942515174, [[24, 5.438656710437748, 4], [21, 5.438656710437748, 1], [17, 5.438656710437748, 1], [18, 5.438656710437748, 3], [15, 5.438656710437748, 3]]], [7, 37.99840215394511, [[24, 34.142868133919094, 4], [21, 34.142868133919094, 1], [4, 37.99840215394511, 5], [11, 14.890526748850965, 5], [10, 37.99840215394511, 2], [18, 34.142868133919094, 3]]], [16, 32.012538191310824, [[14, 9.152152104039589, 4], [15, 32.012538191310824, 3], [23, 9.152152104039589, 5]]], [15, 64.22491252071477, [[21, 64.22491252071477, 1], [6, 40.855932975630324, 0], [4, 64.22491252071477, 5], [9, 12.84180727865834, 0], [11, 64.22491252071477, 5]]], [26, 68.29431940591996, [[24, 68.29431940591996, 4], [1, 65.96281384869722, 1], [2, 65.96281384869722, 3], [5, 65.96281384869722, 2]]], [5, 67.4057888485321, [[0, 67.4057888485321, 4], [7, 67.4057888485321, 3], [14, 66.8588804148615, 4]]]], "objective_f": 18261.49118257598, "elapsed_time": 0.4686908721923828, "problem_name": "mppp_5"}