{"assignments": [[16, 9.674175014513633, [[3, 9.674175014513633, 0], [6, 9.674175014513633, 3], [2, 9.674175014513633, 2], [8, 9.674175014513633, 5], [11, 9.674175014513633, 5], [16, 9.674175014513633, 5], [22, 9.674175014513633, 5]]], [10, 30.19043660105774, [[3, 30.19043660105774, 0], [6, 30.19043660105774, 4], [2, 30.19043660105774, 2], [0, 14.281390615850388, 0], [1, 14.281390615850388, 4], [5, 14.281390615850388, 0], [8, 30.19043660105774, 5]]], [28, 12.792813894190314, [[20, 12.792813894190314, 1], [7, 12.792813894190314, 0], [14, 12.792813894190314, 2]]], [25, 41.1797439028391, [[7, 41.1797439028391, 4], [4, 14.649986884866129, 3], [14, 41.1797439028391, 2], [11, 25.120845703270923, 5]]], [14, 55.02279158158922, [[20, 39.923644269994, 1], [23, 11.586048266425685, 1], [6, 55.02279158158922, 4]]], [27, 22.188115585222263, [[9, 9.843547252617892, 0], [10, 9.843547252617892, 0], [13, 9.843547252617892, 3], [15, 9.843547252617892, 0], [16, 22.188115585222263, 5], [22, 22.188115585222263, 5], [18, 9.843547252617892, 5]]], [9, 58.89469963652122, [[3, 58.89469963652122, 0], [2, 58.89469963652122, 3], [1, 58.89469963652122, 3], [13, 49.09811341730372, 3]]], [18, 61.102225220833404, [[21, 11.742748848617072, 1], [0, 57.43626781718093, 0], [5, 57.43626781718093, 0], [7, 61.102225220833404, 4], [4, 61.102225220833404, 3], [14, 61.102225220833404, 2]]]], "objective_f": 16404.185944538684, "elapsed_time": 0.48430895805358887, "problem_name": "mppp_1"}