{"assignments": [[6, 5.716978262960414, [[7, 5.716978262960414, 0], [1, 5.716978262960414, 5], [8, 5.716978262960414, 3], [4, 5.716978262960414, 3], [0, 5.716978262960414, 2]]], [11, 27.026040562421173, [[7, 27.026040562421173, 0], [3, 11.254535904579797, 0], [2, 11.254535904579797, 4], [1, 27.026040562421173, 5]]], [26, 29.9157658333211, [[10, 10.597538581334234, 1], [8, 29.9157658333211, 3], [14, 10.597538581334234, 4], [18, 10.597538581334234, 5]]], [25, 22.651923919263595, [[17, 14.310016229336057, 1], [9, 14.310016229336057, 0], [4, 22.651923919263595, 3], [20, 14.310016229336057, 4]]], [9, 47.68182435324501, [[7, 47.144574919289774, 0], [3, 47.144574919289774, 0], [17, 47.68182435324501, 1], [13, 9.544928575166505, 1], [2, 47.144574919289774, 4], [1, 47.144574919289774, 5], [4, 47.68182435324501, 2]]], [5, 42.757218167050766, [[11, 9.43017857801318, 1], [9, 42.757218167050766, 0], [5, 9.43017857801318, 0], [0, 25.15031180278205, 2], [15, 9.43017857801318, 3], [20, 42.757218167050766, 4]]], [22, 18.96789318030458, [[6, 5.77621903569662, 1], [12, 5.77621903569662, 5], [21, 5.77621903569662, 0], [22, 5.77621903569662, 3]]], [1, 67.58538797710484, [[8, 64.21712718118424, 3], [9, 67.58538797710484, 0], [15, 67.58538797710484, 3]]], [24, 65.03627886086156, [[10, 63.64905325175278, 1], [11, 65.03627886086156, 1], [5, 65.03627886086156, 0], [14, 63.64905325175278, 4], [18, 63.64905325175278, 5], [0, 65.03627886086156, 2], [20, 65.03627886086156, 4]]], [10, 41.72136670803693, [[6, 41.72136670803693, 1], [12, 41.72136670803693, 1], [19, 8.610373907753402, 1], [21, 41.72136670803693, 0]]], [3, 40.241832971458784, [[23, 9.435549542731781, 1], [22, 33.462841977404366, 3], [24, 9.435549542731781, 0]]]], "objective_f": 26956.18639248912, "elapsed_time": 0.48436999320983887, "problem_name": "mppp_2"}