{"assignments": [[16, 10.859700752095918, [[0, 7.742932081497994, 0], [23, 7.742932081497994, 1], [5, 7.742932081497994, 1], [2, 7.742932081497994, 4], [11, 7.742932081497994, 3], [8, 7.742932081497994, 2], [4, 7.742932081497994, 3], [21, 7.742932081497994, 4]]], [12, 13.358004079745884, [[7, 13.358004079745884, 0], [6, 13.358004079745884, 3], [22, 13.358004079745884, 2]]], [21, 11.250913515887987, [[20, 11.250913515887987, 1], [14, 11.250913515887987, 3], [19, 11.250913515887987, 4]]], [15, 37.72576208022623, [[0, 37.72576208022623, 0], [23, 37.72576208022623, 1], [24, 14.991826437830932, 5], [2, 37.72576208022623, 4], [8, 37.72576208022623, 2], [21, 37.72576208022623, 4]]], [3, 41.048005059611214, [[5, 36.110873698879374, 0], [11, 36.110873698879374, 3], [22, 41.048005059611214, 2]]], [20, 36.4645017432684, [[4, 36.4645017432684, 3], [12, 14.800644129497197, 5], [19, 32.14968769334541, 4]]], [10, 39.614745337886845, [[7, 39.614745337886845, 0], [17, 13.238357877169912, 5], [15, 13.238357877169912, 5], [16, 13.238357877169912, 5]]], [8, 70.0810991945395, [[0, 69.49955147419617, 0], [23, 69.49955147419617, 1], [5, 64.31822050628838, 0], [7, 70.0810991945395, 0], [3, 14.584905454449824, 0], [2, 69.49955147419617, 4], [10, 14.584905454449824, 0], [11, 64.31822050628838, 3]]], [5, 61.71962767797208, [[24, 61.71962767797208, 5], [20, 30.260765158552612, 1], [4, 56.945048141207494, 3], [6, 42.438972709306576, 3]]], [25, 62.07744212210158, [[18, 5.8957483939547375, 1], [8, 62.07744212210158, 0], [1, 5.8957483939547375, 1], [12, 56.395017913548486, 5], [14, 31.06461139244474, 3], [9, 5.8957483939547375, 3], [21, 62.07744212210158, 4]]]], "objective_f": 21130.501214442233, "elapsed_time": 0.5312411785125732, "problem_name": "mppp_4"}