{"assignments": [[5, 11.477094721562295, [[4, 11.477094721562295, 0], [18, 11.477094721562295, 1], [24, 11.477094721562295, 3], [23, 11.477094721562295, 5], [2, 11.477094721562295, 5], [0, 11.477094721562295, 3], [6, 11.477094721562295, 2], [20, 11.477094721562295, 5]]], [24, 26.55307103296477, [[4, 26.55307103296477, 0], [18, 26.55307103296477, 1], [23, 26.55307103296477, 5], [2, 26.55307103296477, 5]]], [2, 7.371894210422122, [[17, 7.371894210422122, 1], [5, 7.371894210422122, 0], [9, 7.371894210422122, 1], [10, 7.371894210422122, 4]]], [17, 27.576149458449187, [[0, 27.576149458449187, 0], [6, 27.576149458449187, 2], [12, 12.06407454206337, 2], [20, 27.576149458449187, 5]]], [18, 30.035760629166397, [[17, 30.035760629166397, 1], [24, 27.17729605892342, 3], [5, 30.035760629166397, 0], [10, 30.035760629166397, 4]]], [28, 11.041905979041942, [[15, 11.041905979041942, 3], [14, 11.041905979041942, 4], [21, 11.041905979041942, 5], [16, 11.041905979041942, 5]]], [15, 32.91517434012974, [[9, 29.11468511127881, 1], [15, 32.91517434012974, 3], [21, 32.91517434012974, 5]]], [7, 30.25813699320533, [[11, 14.420671554715348, 0], [14, 30.25813699320533, 4], [7, 14.420671554715348, 4], [19, 14.420671554715348, 3], [16, 30.25813699320533, 5]]], [22, 46.50762967007878, [[17, 45.95399847378714, 1], [6, 46.50762967007878, 2], [12, 46.50762967007878, 2], [20, 46.50762967007878, 5]]], [8, 64.09761903128114, [[4, 55.136948900866486, 0], [24, 43.92118426364398, 3], [23, 55.136948900866486, 5], [0, 53.89302612313179, 3], [6, 64.09761903128114, 2], [10, 43.92118426364398, 4], [14, 51.22713251991147, 4]]], [6, 64.72813405556374, [[18, 50.99424598774192, 1], [17, 64.72813405556374, 1], [2, 50.99424598774192, 1], [5, 43.377545383105456, 1], [9, 58.31376558786285, 0], [12, 64.72813405556374, 2], [20, 64.72813405556374, 5]]], [1, 51.89618803002569, [[11, 51.89618803002569, 0], [3, 8.382540458308547, 0], [1, 8.382540458308547, 1], [8, 8.382540458308547, 1], [15, 49.482000031327246, 3], [19, 51.89618803002569, 1], [21, 49.482000031327246, 5]]]], "objective_f": 22709.110570404642, "elapsed_time": 0.46869802474975586, "problem_name": "mppp_7"}