{"assignments": [[9, 7.347014026122362, [[24, 5.246628283926059, 3], [3, 5.246628283926059, 5], [5, 5.246628283926059, 4], [4, 5.246628283926059, 5], [15, 5.246628283926059, 2]]], [17, 26.636680203788195, [[16, 12.897900610148277, 1], [24, 26.636680203788195, 3], [0, 12.897900610148277, 0], [3, 26.636680203788195, 5], [5, 26.636680203788195, 4], [1, 12.897900610148277, 3], [6, 12.897900610148277, 4], [10, 12.897900610148277, 3]]], [18, 28.717416857994017, [[7, 8.90884671615132, 0], [4, 28.717416857994017, 5], [2, 8.90884671615132, 0], [15, 28.717416857994017, 2], [17, 8.90884671615132, 3], [22, 8.90884671615132, 3]]], [15, 15.832668362077383, [[23, 8.08008705907234, 1], [13, 8.08008705907234, 5], [8, 8.08008705907234, 5], [14, 8.08008705907234, 5], [19, 8.08008705907234, 4], [18, 8.08008705907234, 3]]], [1, 49.42450338728979, [[16, 49.42450338728979, 1], [3, 49.42450338728979, 5], [13, 35.55433747273376, 5]]], [2, 49.01923751892783, [[23, 33.51806086132747, 1], [17, 49.01923751892783, 3], [22, 49.01923751892783, 3]]], [5, 48.18509336369957, [[0, 48.18509336369957, 1], [21, 5.172799725552605, 1], [5, 48.18509336369957, 4], [1, 48.18509336369957, 0], [6, 48.18509336369957, 4], [10, 48.18509336369957, 0]]], [11, 52.71914109451524, [[24, 47.53302976237029, 3], [7, 52.71914109451524, 0], [4, 52.71914109451524, 1], [2, 52.71914109451524, 0], [8, 32.11572076898297, 5], [15, 52.71914109451524, 2]]], [14, 32.97119065360987, [[12, 8.568085154841555, 0], [9, 8.568085154841555, 0], [14, 32.79880721371257, 5], [11, 8.568085154841555, 1], [20, 8.568085154841555, 2], [18, 32.79880721371257, 3]]], [23, 59.6249053639541, [[14, 59.6249053639541, 5], [19, 32.60542226080162, 4], [18, 59.6249053639541, 3]]]], "objective_f": 20783.563444250514, "elapsed_time": 0.4686920642852783, "problem_name": "mppp_1"}