{"assignments": [[26, 6.479095160872896, [[22, 6.479095160872896, 0], [23, 6.479095160872896, 0], [1, 6.479095160872896, 4], [4, 6.479095160872896, 0]]], [3, 11.368029800780665, [[24, 11.368029800780665, 1], [0, 11.368029800780665, 1], [2, 11.368029800780665, 4], [3, 11.368029800780665, 3], [7, 11.368029800780665, 2], [5, 11.368029800780665, 0], [11, 11.368029800780665, 4]]], [15, 34.50567345057635, [[24, 34.50567345057635, 1], [0, 34.50567345057635, 5], [2, 34.50567345057635, 5], [3, 34.50567345057635, 3], [7, 34.50567345057635, 2], [5, 34.50567345057635, 5]]], [23, 36.67322364807191, [[22, 36.67322364807191, 0], [1, 36.67322364807191, 4], [19, 6.711302410668999, 5]]], [14, 10.549753064471528, [[16, 10.549753064471528, 1], [6, 10.549753064471528, 3], [21, 10.549753064471528, 2], [20, 10.549753064471528, 5]]], [4, 41.05496590820998, [[16, 41.05496590820998, 1], [23, 38.27432345938873, 0], [6, 41.05496590820998, 3], [11, 30.30252761732215, 4]]], [11, 32.87086585435758, [[4, 32.87086585435758, 0], [10, 7.922965640083245, 3], [12, 7.922965640083245, 3]]], [8, 34.55587502999211, [[9, 5.8036935357238715, 1], [14, 5.8036935357238715, 1], [21, 34.55587502999211, 2]]], [2, 64.84659641975993, [[0, 64.84659641975993, 5], [22, 62.20181615057726, 0], [3, 64.84659641975993, 3]]], [18, 66.21543874121046, [[1, 66.21543874121046, 0], [2, 59.50704727139796, 5], [4, 60.11526131544996, 0], [10, 60.11526131544996, 3]]], [19, 64.52135941765998, [[24, 63.89906730558543, 1], [16, 63.43948511312896, 1], [23, 63.43948511312896, 0], [6, 63.43948511312896, 3], [5, 63.89906730558543, 5], [12, 64.52135941765998, 3], [11, 63.43948511312896, 4]]]], "objective_f": 27744.961736357145, "elapsed_time": 0.4531071186065674, "problem_name": "mppp_6"}