{"assignments": [[14, 13.25095910802432, [[0, 13.25095910802432, 3], [3, 13.25095910802432, 5], [2, 13.25095910802432, 5], [9, 13.25095910802432, 2], [4, 13.25095910802432, 5], [12, 13.25095910802432, 5]]], [16, 36.57930965923284, [[0, 36.57930965923284, 0], [3, 36.57930965923284, 5], [9, 36.57930965923284, 2], [5, 12.593764585606316, 4]]], [22, 33.08920708574938, [[24, 8.695151122397727, 3], [2, 33.08920708574938, 5], [6, 8.695151122397727, 0], [4, 33.08920708574938, 5], [8, 8.695151122397727, 0], [7, 8.695151122397727, 0], [14, 8.695151122397727, 4]]], [8, 33.1600661331271, [[13, 7.704439237705828, 0], [12, 33.1600661331271, 5], [18, 7.704439237705828, 4]]], [26, 57.25720927506349, [[22, 11.05779346990975, 1], [24, 57.25720927506349, 3], [2, 57.25720927506349, 5]]], [6, 60.16364174902963, [[16, 10.83085389190234, 1], [4, 60.16364174902963, 5], [20, 10.83085389190234, 2]]], [2, 16.481518074944837, [[21, 8.078554333080296, 1], [1, 8.078554333080296, 3], [10, 8.078554333080296, 5], [11, 8.078554333080296, 3], [15, 8.078554333080296, 3]]], [17, 61.49666830100355, [[21, 34.594998502459475, 1], [1, 34.594998502459475, 3], [12, 61.49666830100355, 5], [11, 34.594998502459475, 3], [14, 57.757761340698835, 4]]], [27, 66.12979512515027, [[0, 66.12979512515027, 0], [9, 66.12979512515027, 2], [6, 56.17110276418195, 1]]]], "objective_f": 19455.933832986404, "elapsed_time": 0.4843940734863281, "problem_name": "mppp_8"}