{"assignments": [[28, 9.511707192813493, [[24, 9.511707192813493, 3], [3, 9.511707192813493, 4], [4, 9.511707192813493, 5], [1, 9.511707192813493, 5], [2, 9.511707192813493, 5], [5, 9.511707192813493, 3], [9, 9.511707192813493, 0], [11, 9.511707192813493, 0]]], [13, 27.870839175293654, [[15, 11.587053689504842, 1], [3, 27.870839175293654, 4], [10, 11.587053689504842, 2], [16, 11.587053689504842, 2]]], [23, 25.696886547658885, [[24, 25.696886547658885, 3], [5, 25.696886547658885, 0], [0, 14.00597388222155, 3], [9, 25.696886547658885, 0]]], [15, 44.08532708003288, [[24, 44.08532708003288, 3], [4, 34.694041871245076, 5], [1, 34.694041871245076, 5]]], [14, 31.843139432158473, [[17, 5.655571615909274, 1], [2, 31.843139432158473, 5], [11, 31.843139432158473, 3]]], [20, 54.869692940468, [[15, 54.869692940468, 1], [3, 54.869692940468, 4], [5, 42.180312334651454, 3], [0, 42.180312334651454, 3], [9, 42.180312334651454, 0], [10, 54.869692940468, 2]]], [1, 31.095755705369648, [[23, 6.903862925198623, 1], [6, 6.903862925198623, 3], [7, 6.903862925198623, 0], [8, 6.903862925198623, 1], [12, 6.903862925198623, 5], [18, 6.903862925198623, 5]]], [4, 52.833717334513636, [[7, 46.478518300506316, 4], [8, 46.478518300506316, 0], [12, 46.478518300506316, 5], [16, 52.833717334513636, 2], [21, 13.328494849310017, 4]]], [24, 63.365068908185236, [[17, 63.365068908185236, 1], [2, 63.365068908185236, 5], [11, 63.365068908185236, 0], [6, 46.34172578641159, 3]]]], "objective_f": 18787.88235362417, "elapsed_time": 0.46867895126342773, "problem_name": "mppp_3"}