{"assignments": [[21, 7.150069039876018, [[4, 6.013040054845201, 0], [23, 6.013040054845201, 4], [12, 6.013040054845201, 5]]], [12, 26.563835328840078, [[16, 9.548692111225947, 1], [0, 9.548692111225947, 3], [23, 26.563835328840078, 4], [12, 26.563835328840078, 5], [13, 9.548692111225947, 2], [15, 9.548692111225947, 2]]], [10, 43.548650951684415, [[16, 43.548650951684415, 1], [4, 31.98806509674248, 0], [23, 43.548650951684415, 4], [13, 43.548650951684415, 2]]], [27, 20.36349397639067, [[24, 9.390066991592175, 1], [5, 9.390066991592175, 0], [2, 9.390066991592175, 4]]], [1, 42.31122902961693, [[24, 42.19762658214434, 1], [0, 42.31122902961693, 1], [5, 42.19762658214434, 0], [6, 11.282683276850399, 3], [12, 42.31122902961693, 5], [15, 42.31122902961693, 2]]], [2, 39.10082213701453, [[20, 5.512359403082893, 1], [2, 39.10082213701453, 4], [3, 5.512359403082893, 3], [1, 5.512359403082893, 4], [8, 5.512359403082893, 1], [14, 5.512359403082893, 3]]], [5, 70.05159731776051, [[0, 66.42524585119142, 3], [4, 70.05159731776051, 0], [23, 70.05159731776051, 4]]]], "objective_f": 12394.844186179098, "elapsed_time": 0.46870994567871094, "problem_name": "mppp_9"}